util_2,util_1
1.0,1.0
1.0,1.0
0.9935714285714285,0.9914285714285714
0.9864928571428572,0.9836571428571428
0.9801993571428571,0.9752491428571428
0.9732545064285715,0.9676395085714284
0.9649505327928573,0.9615345420571427
0.9574438846077857,0.9547763394937142
0.9492980171902793,0.9488000046702056
0.9419478941612336,0.9421691474806465
0.9360998437910498,0.9341760274344115
0.9303102739245679,0.9262628385886389
0.923864314042465,0.9191430673456096
0.9167685280448975,0.9128087795292964
0.9097436999073056,0.9065378345911463
0.9042176914796611,0.8989010276738063
0.8980326574220074,0.8920548745399254
0.8919094737049302,0.8852771829373832
0.8865618075393095,0.8778529825365808
0.8791247608924878,0.8726458812826435
0.87247637042642,0.86677656532696
0.8666087495792987,0.8602516568165475
0.8579426620835057,0.856649140248382
0.8522203783198135,0.8502255059887553
0.8458410316794724,0.8445803937860107
0.8395254785055348,0.8389917327052935
0.8347016522919081,0.832030386806812
0.828497492911846,0.8265672257958867
0.8209268036970132,0.8225872678236422
0.815574678517186,0.816504252288263
0.8088475031605856,0.8119106383368089
0.8043304567004084,0.8052201033820122
0.7984300092762614,0.800025045205335
0.7925885663263559,0.7948819376104246
0.7875198235202352,0.7890759753771774
0.7825017681421758,0.7833280727662628
0.7782481790321826,0.7769233634671716
0.7726085543847179,0.7720112726896428
0.7677396116980135,0.7664340171056034
0.7629193584381763,0.7609125340774046
0.7574330219966516,0.7561605515937734
0.7520015489195422,0.7514560889349785
0.7480529620017753,0.7453700994742002
0.7427152895246146,0.7407735413366011
0.7367167080579399,0.7369372344946636
0.7307781124059319,0.7331392907211456
0.7248989027104441,0.7293793263853627
0.721935627969054,0.7227998188357948
0.718287700260792,0.7170003920760083
0.7132476804010413,0.7126875310123911
0.7075437750256023,0.7091320842736958
0.7040397658467749,0.7034693348595302
0.6991422253311642,0.6992917843680778
0.6950079459349955,0.6944417236672541
0.6902007236185026,0.6903544492877245
0.684727287810889,0.6870223333662758
0.6807371577899229,0.6822949671754702
0.678215500497738,0.6761863032180012
0.6728619169213321,0.6729958687572497
0.6697047263235474,0.6676944814982486
0.6672933933460262,0.6617318223975518
0.6627633165554231,0.6579716470307192
0.6589928262470117,0.6535347877032691
0.6559743265559702,0.6484280112548079
0.6522717261475534,0.6440865882851169
0.6493204374575063,0.6390742938308371
0.6456843759400741,0.6348264080353859
0.6420846750378163,0.6306210010978892
0.6392352568588667,0.6257433625154818
0.6357000471474209,0.621628786033184
0.6329144752473752,0.6168410696014237
0.6294424733520444,0.6128155160482666
0.6260051914756668,0.608830218030641
0.6218879967037673,0.6055990587074774
0.6185262595938725,0.6016859252632598
0.6166267112836481,0.5963833517249129
0.6147461584565259,0.5911338039219494
0.6107415540148178,0.5880796087398728
0.6067769956175267,0.5850559555096169
0.6049949399470658,0.5799196816688064
0.6025164191190236,0.5755490562806898
0.5993483977849763,0.57193642286074
0.596926342378555,0.567645630060704
0.5930999360976266,0.5648263166172398
0.5893117938795074,0.5620351963082103
0.5877043902264266,0.5571291300594139
0.5853987748955909,0.5529864101873911
0.581687644289492,0.5503136889426601
0.57872791070374,0.5469534091960906
0.5757977744538455,0.5436267322469868
0.5743255109950214,0.5389047506388026
0.5707251130279283,0.5363728459895575
0.5678750047547919,0.533151974672519
0.5657676832786726,0.5292490263543652
0.5615385778744573,0.5275279646622502
0.5587803349528556,0.5243955421584847
0.5553353887461842,0.5220087295940428
0.5519248920015795,0.5196457851552452
0.5514056430815637,0.5144493273036927
0.5473201580793196,0.5128762626020844
0.5439898136413834,0.5106046428332065
0.5414070583621124,0.5076414535477315
0.5381358449213485,0.505422181869397
0.5363259150435635,0.5017965314792745
0.5323912273216993,0.5003499947359104
0.5313530293341966,0.496060780502837
0.5274680704694261,0.49467160126923715
0.524336246907589,0.4925820281136876
0.5212357415813702,0.4905133506896936
0.5188805270226994,0.48775107432565384
0.5165488646096152,0.48501642072525447
0.5135262331063762,0.48302339937514477
0.5112481136324554,0.4803360225242505
0.5097070610675594,0.4769612337275794
0.5074671333140267,0.4743344785331608
0.5045353191237435,0.472448276604972
0.5023471087896489,0.4698666509817795
0.5023236377017525,0.46516798447196167
0.5001575441818779,0.4626591617700992
0.49872739731148763,0.4594611415809696
0.4973115519098013,0.4562951015937314
0.49590986496213185,0.4531607220063655
0.4938079091696534,0.45077197192915897
0.4917269729350997,0.44840710935272454
0.4896668460628915,0.44606589540205444
0.48762732045940543,0.44374809359089107
0.48417961868338283,0.4428820412264107
0.4836235367822633,0.43916750652843234
0.4816444442715835,0.4369186886060052
0.4789708569717248,0.435406644577088
0.4777525769734361,0.43248114955988853
0.47654647977513026,0.4295849094928611
0.4753524435488075,0.4267176318265039
0.47345606197046225,0.424593312651096
0.4722929299221862,0.4217759509531565
0.4689985720515358,0.4211296200150535
0.46716572918816324,0.4190611809577601
0.46392264332485306,0.4184419977196111
0.46071198832017596,0.41782900631384357
0.458962011294117,0.4157935733935623
0.456515248324033,0.4144927805167695
0.4540929529836498,0.4132049955687447
0.4516948805966705,0.4119300884702001
0.449320788933561,0.4106679304426409
0.44697043818708254,0.4094183939953573
0.4446435909480689,0.40818135291254654
0.44305429789573103,0.40624239652627825
0.44219518348820225,0.4036085439895869
0.44063037451046305,0.4017153156925482
0.43979549933678697,0.3991267339641942
0.43754040148627626,0.39799260948169507
0.4367364260428421,0.39544125481544956
0.4359404903538422,0.3929154136958665
0.4344382283074466,0.39112911670176503
0.4322367031672293,0.3900749683918902
0.4314857647069856,0.38760279013654275
0.43002804991705856,0.3858696193780345
0.42929919798931654,0.38343949461282556
0.4278633488665662,0.3817479568095545
0.425013286806472,0.3815019058128875
0.4243345825098358,0.3791154581833301
0.42151980811330886,0.3788957321729253
0.42087603860360434,0.37653534627976754
0.41881013536042544,0.3756271356741127
0.417479176863964,0.37401372146022877
0.4161615279524672,0.3724164413884836
0.41342848410151395,0.37226370554602733
0.4128656278319274,0.3699696399191385
0.4108798286964653,0.36912708637708996
0.40748531612378636,0.36972152979903333
0.40698189153397707,0.36745288592961445
0.40434064404720876,0.36734978564174686
0.40386866617816525,0.36510485921390085
0.40340140808781216,0.3628823820503333
0.4022245368640769,0.36139641537268713
0.39963086292400757,0.3613538797903888
0.3992059828661961,0.35916891242105636
0.39807106589467695,0.357720080439703
0.39837606952144444,0.35485716534959166
0.39582088025480144,0.3548800222675243
0.395434100023682,0.3527597934734205
0.39505118759487373,0.35066076696725773
0.3939578185760678,0.3492970164404423
0.3943039546760214,0.3465183319903236
0.39250377227211836,0.3459102915275632
0.39143587740654,0.34459404575514474
0.3903786614896174,0.34329096244045043
0.38861773201757843,0.34271519567318875
0.38687441184025984,0.3421451865735997
0.3851485248647144,0.34158087756500655
0.3834398967589244,0.3410222116464993
0.382462640648478,0.33975484667289146
0.3829237285277075,0.3370715839204483
0.3812373483852876,0.3365580109383866
0.3788535463300062,0.3367638594004313
0.3793507251524204,0.3341105065207127
0.37912864647232475,0.33219797288407704
0.37676593143617293,0.3324474217266648
0.37514112926466836,0.33198009036654097
0.37496114654345025,0.330088860891447
0.3733543922208729,0.32964511513967537
0.372477991155807,0.3284915211311358
0.37161035410139176,0.3273494630626816
0.3693228219889493,0.32764739700348333
0.36777245091191696,0.32722806589059134
0.3669518692599406,0.3260986423745426
0.36685377913876976,0.3242662273793686
0.3660423842045249,0.3231664222484321
0.36452481750533683,0.3227919008830906
0.3637367121874263,0.3217068390171169
0.3622422022084092,0.32134691348408856
0.36147692304346796,0.32027630149210484
0.3607192966701761,0.31921639562004095
0.3592549608463315,0.31888137452098336
0.35994812552358246,0.31640684649005923
0.35920578712548945,0.3153856351680158
0.3584708721113774,0.31437463595919285
0.3563147348188351,0.3148023181710295
0.357037301756361,0.3123685807036049
0.35560978588165454,0.3121020377537117
0.35419654516569515,0.3118381602333174
0.35279743685689535,0.31157692148812705
0.35284089105975497,0.3098897237018172
0.3521696250063002,0.3089336836076562
0.3507907858990944,0.3087014896287225
0.350854306611532,0.30704304616100675
0.3502029064025595,0.3061154728422538
0.3481294487671054,0.3066257466852598
0.3467910114222915,0.3064166320755501
0.34475167273664004,0.30692389432622313
0.34487558458070217,0.30528322681153236
0.3449982573063237,0.3036589659719885
0.3422625604475462,0.3049080905979829
0.3409827919859279,0.3047161525491459
0.3397158212089258,0.3045261338807973
0.3384615201396937,0.30433801539913213
0.33721976208115395,0.30415177810228367
0.33527613588891386,0.3046816888926894
0.3333519459585962,0.30520630057519105
0.33216128364186737,0.305011380426582
0.3316968136625915,0.3041041237651733
0.33123698838310844,0.30320593967037873
0.3314960470707059,0.30160245170224637
0.3317525151714274,0.3000149986137953
0.33200641859114166,0.2984434200562288
0.3315434972623731,0.2976018429985237
0.33179949086117794,0.2960543959971099
0.33276721023828043,0.29380813775142456
0.33158239527875477,0.29372719923105317
0.33183799989739576,0.2922184986673141
0.330662477041279,0.2921534565377838
0.3294987094137234,0.2920890648295488
0.329060865176729,0.29131103132411046
0.3293416850963903,0.2898264924394408
0.3274768396739978,0.29049965608647493
0.3270592141344007,0.28973751666846737
0.32736005056448525,0.2882687129303541
0.3248007357731261,0.28967174008676483
0.3244098712725377,0.28891787982875433
0.3240229154169551,0.28817155817332396
0.3229255434056427,0.2881469854487336
0.32183914511444345,0.28812265845138907
0.32004932509187045,0.28881286043830373
0.3197059746980946,0.28806758897677787
0.31865177209397083,0.28804405594415294
0.3176081115158883,0.28802075824185425
0.318003458972158,0.28656912208800717
0.31696628152529355,0.2865605737242699
0.3159394758528978,0.28655211084417004
0.3142086525229402,0.2872580183071569
0.3146379945691394,0.2858140095526568
0.31292018605201943,0.28652729802855875
0.3119338413343564,0.286519167905416
0.3116716457781557,0.285796833369219
0.31284064360608843,0.28365315074981257
0.3132836657414561,0.2822451906708859
0.3130079719411844,0.28156559590703417
0.31273503507891537,0.280892797090821
0.3146076847281262,0.2780838691199128
0.31360446502370215,0.2781601732858565
0.31189699180203656,0.2789500001244265
0.31234945045544477,0.27758907155175366
0.31208309880803314,0.2769560379790933
0.31253369639138134,0.2756150490278738
0.3136940737131818,0.2735731842518808
0.31484284726176426,0.27155173812364775
0.3138372759320038,0.2716933635995541
0.3142703317441123,0.27040500139213
0.3146990569980997,0.2691295228067801
0.31369492357097584,0.2692953704358551
0.31484368862098033,0.26731670244578226
0.31455239459191336,0.26678639256418163
0.3135497277888514,0.26697567149568263
0.3132713733681057,0.26644877192358296
0.31299580249156744,0.2659271413472043
0.31200870160950894,0.2661250127908751
0.3124600431648424,0.2648923340915378
0.3121925855903368,0.2643862678934796
0.31407065973443343,0.2617424052145448
0.31378709599423193,0.2612678383052565
0.31422065360571816,0.2600837313507754
0.3139355899268038,0.2596257511801248
0.3129390911703929,0.2598866365254664
0.31195255740154615,0.26014491301735454
0.31240446039895925,0.2589720353157524
0.31285184436639824,0.25781088639116634
0.3111518973513057,0.2588042060986832
0.31089752123493547,0.25835902118055354
0.31064568887972893,0.25791828811160517
0.3096820891337888,0.258196248087632
0.3108709825281652,0.25632857132104137
0.3120479869885978,0.2544795713221167
0.311070364261569,0.2547919184660383
0.31081680347609614,0.2543868564242351
0.31128006401276376,0.25327155928856415
0.3124529776583504,0.2514531294099642
0.31289987645319545,0.250367169544436
0.3133423062600921,0.24929206927756306
0.31163745462606257,0.250370577156216
0.3099496515083734,0.2514382999560824
0.31113586927900394,0.2496382026708073
0.31159593915764244,0.24857039207267065
0.31064996168288334,0.24890566464380653
0.3097134439828718,0.24923758448923106
0.310232946071072,0.24815569689027003
0.31002392583278443,0.24778987229026425
0.30837034118566814,0.24883819418218983
0.3089032743018404,0.2477603004862992
0.3079842234756393,0.2481036739732988
0.30783384524051677,0.24771125351955472
0.3084173367876539,0.2466265518416851
0.3082626274194112,0.24624890260925716
0.3074041978568813,0.24653510368189807
0.3072957514938647,0.2461312702191292
0.3057236402422307,0.2470606990015334
0.3041852754566161,0.24793577011235582
0.30494060174406934,0.24679468365156737
0.30419649794890335,0.24696728623297112
0.30422826926578056,0.24647802543408098
0.304259722869489,0.24599365724317976
0.3035224278630688,0.2461742700886674
0.3020240717326213,0.24701321416018004
0.30054069916347825,0.24784376879097755
0.3014223676069533,0.2466676437861667
0.3015178042789716,0.24615443637295345
0.30161228658426975,0.24564636103387233
0.3009284089794929,0.2457945227897315
0.2986965399767199,0.247243515611131
0.29881923492504053,0.2467245494796681
0.3005492987403171,0.24489949938602168
0.2991344339547895,0.24561679103032968
0.2993599957835521,0.2450336577795078
0.2987790754519494,0.24508070074768795
0.2982039643236628,0.2451272732861863
0.2992430573908143,0.24392469032631206
0.298689958669591,0.24394728666708818
0.29732928031801836,0.24458511785546636
0.29846580566282943,0.24335248227485803
0.2995909657541924,0.2421321730500558
0.300748970691963,0.24090642833857312
0.30193931032791166,0.23967537517518295
0.30146484694102677,0.2395996675158578
0.303540057904405,0.23778393236380588
0.30389789694722,0.23714687760948783
0.30171593048238465,0.23820476237700047
0.3012957847514366,0.2380743157023485
0.30261118286038186,0.236819373019884
0.30220792166239446,0.23666833082981567
0.3036000784201039,0.23539309598892705
0.3041295169818299,0.23465079980530676
0.3037876794705207,0.2344193006435272
0.30434907955382773,0.2336613642642971
0.30670450407530775,0.2318535028307225
0.30727035166260874,0.23109601261708904
0.3087804957758025,0.22980905629613307
0.3093921158937535,0.22902211121210433
0.31003052031761863,0.22821836019859557
0.3087963779058438,0.22841362676096338
0.30947338606581,0.22759147582479955
0.3101760089432982,0.22675325779865607
0.31281845814145903,0.224956928434642
0.3125623782038413,0.22459217200618545
0.3123327395216161,0.2241992225339917
0.3111558481367122,0.22423399742572825
0.31393050306626513,0.2224391933115557
0.3147153403095492,0.2215574089586944
0.31647336474888704,0.22023690658927697
0.31924130851537696,0.21847432938295916
0.3209927932752055,0.2171691698082795
0.32173798361843936,0.2163168536889216
0.3215099495631928,0.2158821764917343
0.3223110152843775,0.21499694509991873
0.32310407034835037,0.21412056602202134
0.3259423682690082,0.21239637535301567
0.32675891580502997,0.21150114747116588
0.3265703745243828,0.21099502454086907
0.328472795086452,0.20967496742967803
0.3324234411658256,0.20757821775538124
0.3332624809398502,0.2066656942242796
0.3340931303161346,0.20576229592848896
0.33595629174507674,0.20448017873350552
0.3388843055611532,0.20281601891915405
0.34077024635578784,0.20153508804700687
0.3426720426070885,0.20025308053773627
0.3435203529759871,0.19932999092184606
0.34331173954225325,0.19874885659887861
0.3452562723068741,0.19746745082601533
0.34829700682355924,0.19583913153970095
0.34808048401887204,0.19523976292052508
0.3489549421967479,0.1943066323134857
0.35094203414702835,0.19303005229859452
0.35183962752853926,0.19208020576908694
0.35272824497623506,0.19113985770487443
0.3558495082379072,0.18954893960449137
0.3545071950593396,0.18925585259177488
0.3565338262546757,0.18799175566462817
0.3596915018827542,0.1864199072214491
0.3617274664734302,0.18515969916257607
0.36377299890843645,0.18390012218819693
0.3635506454277161,0.18322157133611536
0.36219205664568155,0.1828399185850047
0.36312397142371006,0.18188185717650496
0.36518502589007956,0.1806432637896401
0.36496598038756967,0.17997404385750823
0.36591627979498237,0.17901004829618114
0.366857076208321,0.1780556926904673
0.37012224749297873,0.17654808351767723
0.3698878960414195,0.17587439369895885
0.3719948675958174,0.17465045241318727
0.3764413245250714,0.1729039478890554
0.3785100581406865,0.17169879252296136
0.37941296480750497,0.17075151344727701
0.3803068424076552,0.16981370716234953
0.38353578485591666,0.16837213970724113
0.3832164324435265,0.1677146967762291
0.3840934193068176,0.16679140070338627
0.38496163630147584,0.16587733759127188
0.38582117112618747,0.16497241511027863
0.3878493983995836,0.1638252582224555
0.3863358799029621,0.1634174240646523
0.39078573587390963,0.16178324982400577
0.3928410354778767,0.16063729739782612
0.3960684134783453,0.15926686445987806
0.3968782549137268,0.15838201592336987
0.39767999793475445,0.15750601587222676
0.4008589863106543,0.15616689574953468
0.40403585319897967,0.15483622209537212
0.40480524217693215,0.15396626352767595
0.40920768952205855,0.15242660089239918
0.40994446963649267,0.15156640641194843
0.41069266048078307,0.15070072997805176
0.41266834108188055,0.14961782265305199
0.41586797335825715,0.1483291632405603
0.4178368092559315,0.1472520082127948
0.41856045366837763,0.146388693037627
0.4192943440225251,0.14552089922484163
0.4212507691958388,0.14446308564432048
0.4207278826720038,0.1438132456113318
0.4226914297153368,0.1427639256643401
0.42341802850794313,0.1419068658760912
0.4278524961299432,0.1404877972173303
0.42730151266138305,0.1398271496357903
0.42801478826071127,0.13897487438069014
0.42998741874754,0.13794115714625177
0.43068976725561325,0.13709579283884205
0.4313850922786058,0.1362588821745064
0.4345980234003978,0.13507040110723642
0.4352698978627793,0.13424202035958926
0.4346920915730058,0.13358069561847336
0.4341313453616796,0.1329109414373692
0.4386244395516717,0.1315818320229955
0.43803543494474123,0.1309173130322696
0.44000189841836373,0.1299265556298618
0.444487424386478,0.1286272900735632
0.4451200044010691,0.1278186407646999
0.4470333546932496,0.12685177707971926
0.4476685693053639,0.12603981247535126
0.44959086073852056,0.12507696635725649
0.45021413383210357,0.12427252470367203
0.4495614010127648,0.12361154047894463
0.4489250177152072,0.12294406983834749
0.4534630975805581,0.12171462913996402
0.4553765594922546,0.1207753885507064
0.45469164962983327,0.12012344606948337
0.455315781752638,0.11932963943017552
0.45593367255421463,0.11854377085726076
0.4578381466025513,0.11762995169627946
0.4610348167371334,0.11658638167445348
0.4603210452064365,0.1159393680564288
0.4635287184965163,0.1149067318474119
0.46019813944489674,0.11450084430029274
0.4608263275393111,0.11371892302635661
0.46014069138056546,0.11306585002151545
0.4634011902832921,0.11205344531378301
0.46270628303485173,0.1113950570357408
0.46595742951328833,0.1103966430091573
0.4678763305925341,0.10951842928645714
0.4684707639222613,0.1087540618025674
0.4690694486228253,0.10798969121541603
0.46966214647638366,0.10723296433413618
0.4715697654363531,0.10637608137804434
0.47479412455729664,0.10541754919695082
0.4753493202275773,0.10467173530380533
0.4772366936014895,0.10382581417743493
0.4751206732959498,0.10328954660232974
0.47569151047938574,0.10255083248472419
0.4775985860637256,0.1017168707413663
0.47682770730659263,0.10107384494356597
0.47473387937541595,0.10051984078226431
0.4793621000664792,0.09951464237444166
0.4826046729099437,0.09860870173858047
0.48582738495265865,0.09770972635446369
0.487676410079644,0.09690685235745712
0.4895171855325959,0.09610791086952608
0.48865854623855953,0.09547907406006369
0.4891540041912268,0.09477346504388771
0.4923355292718938,0.09390879096825706
0.4954852391017541,0.09305276363338272
0.49860345183331584,0.09220529657185711
0.49765982575973033,0.09160765139409403
0.4980731054284632,0.09093488072111972
0.49982972178209134,0.09018773580788628
0.5042637109353483,0.08928585844980741
0.5032634822707425,0.08871740765326483
0.5063271552983067,0.08790942036359166
0.5093714267755284,0.08710764041682639
0.5123852555379778,0.08631387826952877
0.5140176888411019,0.08560536800057478
0.5169850549828955,0.08482662857743968
0.5185806439277918,0.08412932935091799
0.5174541011853491,0.08358997017591424
0.5190449996682208,0.08290503753340782
0.5206289378740843,0.08222337473419834
0.5194925301042435,0.08168891788927532
0.5197241136150678,0.0810878613871968
0.5199533812907838,0.08049281545013906
0.5215369834927094,0.07983177574684715
0.5217481224696491,0.0792492906661929
0.523313777259786,0.07860068621074046
0.5248637755020216,0.07795856779984253
0.5264068246583039,0.07731945021446592
0.5265827922660401,0.07675194310729605
0.5308370270884385,0.07598442367622309
0.5309686926718734,0.07543026683443566
0.5351790684902135,0.0746759641660913
0.5325505632478202,0.07426384806101527
0.5340332712216143,0.07365506699503907
0.5368627948369249,0.07298544503240566
0.5383023804948279,0.07238944799671555
0.5397355537832067,0.07179621753656044
0.5397973974780574,0.07126957022239708
0.5384938229277889,0.07081196100177607
0.5399405078537396,0.07022833498680976
0.5427390505614764,0.06958829843446739
0.5427769585800444,0.0690791558426999
0.541448162887381,0.06863735147437582
0.5401326551516442,0.06819996514973496
0.5401966271243105,0.0677047058908148
0.5402659193228183,0.06720992926530776
0.543078883047591,0.06659713091489262
0.5458722518903509,0.06598903808877582
0.548646025521486,0.06538563644478639
0.5527736481374449,0.06473178008033852
0.5541197455324928,0.06419207158610901
0.5540776151783058,0.06371156483010874
0.5567854396782296,0.0631282538350946
0.5539697101817224,0.06275951618891318
0.5580624502308678,0.06213192102702404
0.5579911380754653,0.061664331842288395
0.559304048324607,0.06114770272904984
0.5619823937972366,0.060586232804351506
0.5632553914891606,0.06008038468149232
0.5645216965632769,0.05957718009621711
0.563019332961052,0.05917188952499677
0.565681757055603,0.0586266391542913
0.5655578504598198,0.05817640381738309
0.566823903088254,0.057683130183139156
0.5666972597716752,0.05723581638129426
0.5707280796739899,0.05666345821748132
0.5719530309514405,0.05618107366277316
0.5745521791309546,0.05566138793987876
0.5729659965841593,0.05527327411541329
0.5769486212993818,0.054720541374259156
0.5781164812871482,0.054255540337355364
0.5792726626750369,0.053795189310820606
0.580422275792781,0.053337444377057446
0.5829488607282467,0.0528441734129594
0.5840617118654587,0.05239593863817485
0.5865577531979204,0.05191110760517849
0.5876441513807149,0.05146834910036003
0.5887243331973674,0.051028159134315416
0.5897982506081169,0.05059055610302589
0.5922589766086623,0.05012010388612928
0.5905183357171595,0.04975725672877525
0.592982115827943,0.04929342834539974
0.5968218545342121,0.04880049406194574
0.599232371436526,0.04834460464195505
0.5988290124729043,0.04795514931819202
0.5984327530931489,0.047567289051994206
0.6008364716796778,0.0471221799038023
0.5990243744602854,0.04677022048917738
0.6000279098780233,0.04636214947649216
0.5996226541091157,0.04598797477003706
0.6020233438464583,0.04555718040450251
0.6002015685472105,0.04521795012912076
0.5983980110009552,0.044882112156492834
0.6008109471693793,0.044462376417093726
0.6018002679297135,0.04407592341725443
0.6027796954824445,0.04369333494741353
0.6051530909641754,0.04328477428708494
0.606102553751663,0.04290867192250518
0.6070459997859301,0.042534939431709474
0.6065791170454978,0.04219262138003639
0.6103195860755402,0.04177069516623603
0.6112208617865685,0.04140834244300301
0.6107149458311708,0.041075253807436284
0.6088145034109088,0.040769844266247995
0.6111397724528992,0.040388481572807035
0.6134417888044696,0.04001093250630049
0.6143185493131745,0.03966349467968052
0.6151865422167924,0.039319531231326754
0.6146462057288524,0.03900340350405681
0.6155173096627211,0.038663485929696206
0.6191867289537141,0.03827685107039924
0.6228194540517971,0.03789408255969525
0.6250123387006679,0.03754019996443828
0.6285911178621021,0.0371647979647939
0.6307299802964305,0.036817592478225816
0.6342557890914622,0.03644941655344356
0.6363416099988298,0.03610876401676684
0.6398154068624959,0.03574767637659917
0.63904080594841,0.03545824903264321
0.6424916159093691,0.03510366654231678
0.6445020294820839,0.03477531301683029
0.6478982272077063,0.03442755988666198
0.6498579244430303,0.03410540913179994
0.6489851315368673,0.03383072957249569
0.6495302369724449,0.03353558243353504
0.6514768827038561,0.033221806687581845
0.6519970706277638,0.032932748777470336
0.6525147144372078,0.03264551834054983
0.6530271818085572,0.032361160207998535
0.6563495703124819,0.03203754860591855
0.659642365488178,0.03171717311985937
0.6600886798681168,0.031440049031875396
0.6633510825813033,0.031125648541556642
0.6651747103573857,0.030833440384396574
0.6627515325547597,0.0306012992935746
0.6659906789314236,0.030295286300638855
0.6649707446041923,0.030048068376784587
0.6667809958512747,0.029766166006067445
0.6657531583548448,0.02952423928515889
0.6689655785799414,0.0292289968923073
0.6707386328876205,0.028954826669709256
0.6724966409912166,0.02868295075950486
0.6742370690137769,0.02841379360840251
0.6759627116267344,0.02814689155037404
0.6748484267125305,0.02791713026903696
0.6779822720850164,0.02763795896634659
0.6810876870024659,0.027361579376683123
0.6827498709652695,0.02710435820601633
0.6843978647572853,0.02684930396891618
0.6846167965277694,0.026612789619147044
0.6862461210641602,0.026362651067915587
0.6864485471226696,0.02613021250671891
0.6894749038282542,0.02586891038165172
0.6896450420591226,0.02564140922731768
0.6912264563615125,0.025400589109785737
0.6942050339747087,0.02514658321868788
0.694329799399677,0.02492553393775773
0.6944533171703956,0.024706695149636877
0.6974049598852777,0.024459628198140508
0.700327086173011,0.0242150319161591
0.7032199911978669,0.023972881596997512
0.7046702277601049,0.023747984797229525
0.704692222544351,0.023540168981661204
0.7047158326101209,0.023333697232502067
0.7075674194917185,0.023100360260177047
0.704735138831357,0.022925784325786916
0.7075914839596154,0.022696526482529046
0.7090064961131269,0.022482978147423904
0.7118248391011838,0.022258148365949665
0.713199511809476,0.022048651460977585
0.7145623829462394,0.021840925332462867
0.7159116253716352,0.021635276465233298
0.717247375372777,0.021431684086676023
0.7199855789163838,0.021217367245809263
0.7212824867668087,0.021017637728657813
0.7225682763050867,0.02081959704561833
0.7238430132216304,0.020623235890467818
0.7251067636493995,0.02042854486680366
0.7249422777803382,0.020246769568305453
0.7276160239821494,0.0200443018726224
0.7302630327219426,0.019843858853896175
0.730048380237305,0.01966737198546731
0.7298372359804918,0.019492105304531594
0.7310476648724547,0.019307622138096413
0.7336659366325854,0.019114545916715447
0.7348411492563356,0.018933326554440365
0.7360046097538483,0.018753919385788038
0.7385768062751106,0.018566380191930156
0.7354484347955249,0.01841847332674258
0.7351896114195121,0.018253167061841012
0.7363539152337437,0.018079840165056236
0.737506576009833,0.017908246537239308
0.7400686775470058,0.017729164071866914
0.7411855627406253,0.017560848531538085
0.740871683754127,0.017403192247002378
0.7405620586953021,0.017246666470188653
0.7430966892340376,0.017074199805486766
0.742766962444945,0.016920104623275648
0.7452810289650424,0.01675090357704289
0.747771403140595,0.016583394541272462
0.7473969726693268,0.016433390028947472
0.7498675999268265,0.016269056128657998
0.7508940449932665,0.01611408348499147
0.7519113771977662,0.015960468636307575
0.7543408918043185,0.0158008639499445
0.7567461112648053,0.015642855310445056
0.7591272785306872,0.015486426757340604
0.7614846341239102,0.015331562489767199
0.763818416161201,0.015178246864869526
0.7647087230586507,0.015033620648281983
0.7641687117106155,0.014897596945921467
0.765055515652571,0.014755777228523404
0.7673548667316172,0.014608219456238171
0.7667892841087939,0.014476093701021497
0.7676519922682326,0.014338137359161611
0.7670851531363957,0.014208026526374644
0.7693690106254727,0.014065946261110898
0.7702088944858347,0.01393159589930176
0.7710413217972519,0.013798431992834254
0.7718663437683532,0.013666446569965057
0.7741067335596203,0.013529782104265406
0.7734800039461693,0.013405892051507533
0.7714372422521508,0.01328851865762439
0.77226175845694,0.013161056795067792
0.7730788399868995,0.013034734469933718
0.7738885410747477,0.012909543639186281
0.7761144592801922,0.012780448202794418
0.7768953265496605,0.01265754650562619
0.7776691181031334,0.012535751665979766
0.7784358864949703,0.012415055649080032
0.7791949872028888,0.012295566592349297
0.7799464969037281,0.012177272426185869
0.7792671624122616,0.01206459036803855
0.7771705951701955,0.01195758046352997
0.7793670718870926,0.01183800465889467
0.7786935316457925,0.011728715278420261
0.7766031538345362,0.01162472428244914
0.7788060979302937,0.011508477039624649
0.7809877858479377,0.011393392269228402
0.7817240533697958,0.011283672211717959
0.7824535884782405,0.011174944311148424
0.7831764428303716,0.011067201257122804
0.7853173328793128,0.010956529244551576
0.7874368140277647,0.01084696395210606
0.789535100364732,0.010738494312584999
0.7916130856535658,0.010631109369459149
0.7936709559491352,0.010524798275764557
0.7942839459401507,0.010423171796493868
0.7934658561061715,0.01032618308550284
0.7912309972454477,0.010233785765108678
0.7904434368984155,0.010138690914431503
0.7925136520050227,0.010037304005287188
0.788863636201606,0.00995105572400855
0.7895257696746877,0.009854988289490274
0.7901817970677083,0.009759795653538867
0.789406468699416,0.009668744713192423
0.7900641915352836,0.009575330774154971
0.7921412066472376,0.009479577466413421
0.7941980089655011,0.009384781691749286
0.7962347867440311,0.009290933874831793
0.7954005016062718,0.009203942301353935
0.7974263011704958,0.009111902878340395
0.7994318427390775,0.009020783849556992
0.7999920744301864,0.008933389086549587
0.8005471249555337,0.008846798079313978
0.8025229326265839,0.008758330098520839
0.803053485665968,0.008673354498498733
0.8050051524380106,0.008586620953513745
0.8055116544700256,0.008503233913150861
0.8060134627278436,0.008420618868837751
0.8065106148990715,0.008338769642303078
0.8070027955485871,0.008257738908033751
0.8089162688580254,0.008175161518953413
0.8108110192392111,0.008093409903763879
0.8098342755252232,0.008017072070507393
0.8102935725440561,0.007939199482692895
0.8093220032970199,0.00786440375364712
0.8097864230381348,0.0077880578490012245
0.8088202121021801,0.007714658809883364
0.8092899939344704,0.007639752991470606
0.8097554135498407,0.0075655402976748274
0.8102165062057685,0.007492015191365144
0.8092465468032325,0.007421355632785621
0.8097130472065146,0.007349219193143461
0.8116013769176496,0.007275727001212026
0.8106180939794007,0.007207020255971734
0.8110711900367198,0.00713697531579793
0.8129466552306561,0.00706560556263995
0.8133770648507981,0.006996874906843549
0.8152298164034801,0.006926906157775113
0.8170643769428162,0.006857637096197362
0.8160272036757957,0.006792815381415139
0.8150006365067749,0.006728548137649006
0.8139843350094442,0.006664923566320534
0.8144049375006344,0.006600104785681338
0.8162483948698932,0.006534103737824525
0.8152198443099551,0.006472332202084811
0.8170554645620537,0.006407608880063962
0.8188727286116313,0.006343532791263323
0.8192452494964756,0.006281794196762018
0.8196142993877465,0.006220630618993207
0.8214065758444774,0.006158424312803275
0.823180929536641,0.006096840069675242
0.8235106226275104,0.006037526033177298
0.8252639358518437,0.005977150772845525
0.8227191300004353,0.005922218420498779
0.8230536889610961,0.005864609288087694
0.8219581453648631,0.005809108734998503
0.822300555863268,0.005752590417544361
0.8240665409153645,0.005695064513368917
0.8258148661169399,0.005638113868235228
0.8275459830057821,0.005581732729552875
0.8278329805731967,0.0055274105979167135
0.8281173322154094,0.005473594345851524
0.8298259539158575,0.005418858402393008
0.8315177442698843,0.005364669818369078
0.8331928652317117,0.0053110231201853875
0.8319970370901,0.0052606155418442185
0.8336678436982039,0.005208009386425776
0.8338946883860833,0.005157246866989382
0.8341192646270839,0.005106991972747351
0.8343417925641112,0.0050572067177082685
0.8331349689001716,0.0050091398029934635
0.8347948511775519,0.004959048404963529
0.8364381346321584,0.004909457920913894
0.8380652042656641,0.004860363341704754
0.8382488361034485,0.004812950490118958
0.8398582204870544,0.004764820985217769
0.8385968352571972,0.004719436842503103
0.8402031406224563,0.004672242474078072
0.840365915260087,0.004626623803932856
0.8419547228368609,0.0045803575658935275
0.8421003083994718,0.0045356032869761165
0.8422445953882484,0.004491270337215902
0.843814987852599,0.004446357633843743
0.8425145797013824,0.0044039402237243995
0.8440824512371287,0.004359900821487155
0.8442072196795507,0.0043172744160448326
0.8443308862311205,0.00427504997572827
0.8444534582706857,0.004233224087562999
0.8445749431940717,0.00419179335757666
0.8432676559700664,0.0041516333979695836
0.8448288265014753,0.004110117063989888
0.8420913080028088,0.004071652854303024
0.8436642420138903,0.004030936325759994
0.8452214466848611,0.003990626962502394
0.8453355186364846,0.003951577718370107
0.845448578347221,0.0039128975535742926
0.8469882432770336,0.0038737685780385494
0.8470849010117385,0.0038358456262503854
0.8486084913628414,0.0037974871699878814
0.8486890687588304,0.0037603066752565223
0.8501967563730617,0.0037227036085039572
0.8502616863287223,0.0036862317477584497
0.8517537832380584,0.003649369430280865
0.853230959178301,0.0036128757359780565
0.8532655471059094,0.0035775021539578076
0.8532997891542417,0.003542482307757761
0.8533338020000074,0.0035077937903669255
0.8519397315863891,0.0034741516670533756
0.8534153089194598,0.003439410150382842
0.8534482769579235,0.0034057339561740733
0.8520530617947261,0.003373112431202452
0.8506718884776028,0.0033407812437037288
0.8507325032989166,0.0033080559088231485
0.8507926142959664,0.003275640773299854
0.8522801465842899,0.0032428843655668556
0.85375280354973,0.003210455521911187
0.8537828113124754,0.003178999762223056
0.8552404416306337,0.0031472097646008256
0.855255670288806,0.0031163702497798195
0.8566987961603426,0.0030852065472820214
0.8566995361196746,0.0030549712568914015
0.8581282233329025,0.0030244215443224875
0.8595427315642016,0.0029941773288792626
0.8609431999083785,0.00296423555559047
0.8609016784748539,0.0029351795343461394
0.8622885573499243,0.0029058277390026778
0.863661567436244,0.002876769461612651
0.8650208474217005,0.002848001766996524
0.8635106376812419,0.0028206651129660124
0.8648716295369749,0.0027924584618363524
0.8647909974409298,0.0027650912725686464
0.8661392832061439,0.00273744035984296
0.8660460581509025,0.0027106094220126138
0.8673818883802495,0.0026835033277924874
0.8672763187628951,0.0026571981786779873
0.8671718842955939,0.0026311428387413524
0.8684966393401303,0.002604831410353939
0.8683800791360081,0.002579286826608634
0.8696927522321404,0.0025534939583425477
0.8709922985973113,0.002527959018759122
0.8708508573341938,0.0025031705700003597
0.87213891077085,0.002478138864300356
0.869129842811712,0.0024548308999438385
0.8704351923145321,0.0024302825909444
0.8717275720966619,0.002405979765034956
0.8730071097623014,0.002381919967384606
0.8742739316918676,0.00235810076771076
0.8726718302515126,0.0023354074665510303
0.8739420049761867,0.00231205339188552
0.8737713503783012,0.0022893767112253534
0.8750305299017074,0.0022664829441131
0.8762771176298795,0.002243818114671969
0.8775113171315602,0.002221379933525249
0.8787332503489058,0.0021991661341899966
0.879943038053097,0.0021771744728480967
0.8811407998548395,0.0021554027281196157
0.8823265840385646,0.0021338487008384197
0.8820723400686991,0.0021129113306481108
0.8818206385385322,0.0020921833341597047
0.881571514174718,0.0020716525924610162
0.8827530613914705,0.002050936066536406
0.8810664324621984,0.002031208889156859
0.8808248501591476,0.002011287891908199
0.8820138640160557,0.0019911750129891167
0.8817628660455542,0.0019716445798208344
0.8815144352374161,0.0019522999205411433
0.8826967534255437,0.0019327769213357319
0.8838672484317899,0.0019134491521223746
0.8835978295536163,0.0018946771548151882
0.8847593137985819,0.0018757303832670363
0.8844809742667404,0.0018573355736484034
0.8842054181302174,0.0018391247121259567
0.88536088991021,0.001820733465004697
0.8865048069724026,0.00180252613035465
0.8876373467000214,0.0017845008690511035
0.887330385880072,0.0017669918477568926
0.8884547301094972,0.0017493219292793237
0.8881396458420054,0.0017321562996240778
0.8892559562561226,0.001714834736627837
0.888932908854624,0.0016980057909892396
0.8900413998371015,0.0016810257330793473
0.8897105926024432,0.0016645191103678509
0.8908113612340837,0.0016478739192641724
0.8919011753044546,0.0016313951800715307
0.8886952946829393,0.0016159471653381886
0.889806321216286,0.0015997876936848067
0.8894779547014169,0.001584078462437083
0.8905812051376233,0.001568237677812712
0.8916734230694677,0.001552555301034585
0.8927547680629532,0.0015370297480242392
0.8938252996065038,0.0015216594505439967
0.8948851258346189,0.0015064428560385566
0.8959344018108554,0.0014913784274781712
0.8969731850273295,0.0014764646432033895
0.8980016272222254,0.0014616999967713555
0.8975915135379287,0.0014473373273874905
0.8986138180884624,0.0014328639541136155
0.8981975824955032,0.001418789645156328
0.8992138708565875,0.0014046017487047647
0.9002199963340611,0.0013905557312177172
0.9012160605567601,0.00137665017390554
0.9022022075252366,0.0013628836721664846
0.9031784930240284,0.0013492548354448197
0.9041450579714995,0.0013357622870903715
0.9051019572694958,0.0013224046642194677
0.9060492875745122,0.001309180617577273
0.9069871445764783,0.0012960888114015004
0.9064873226656833,0.0012833577626972848
0.9059924989739963,0.0012707540244801115
0.906931005323975,0.0012580464842353103
0.9078601266104539,0.0012454660193929573
0.908779995894577,0.0012330113591990277
0.9096907047164013,0.0012206812456070375
0.9105923064500074,0.001208474433150967
0.9114849294413379,0.0011963896888194574
0.9123686625462064,0.0011844257919312628
0.9118151894058433,0.001172784048400235
0.9126956199110668,0.0011610562079162328
0.9121388771970551,0.0011496481602253554
0.9130161062594861,0.001138151678623102
0.9138845975807762,0.001126770161836871
0.9133160250768699,0.0011156949768063667
0.9141815508959623,0.001104538027038303
0.9150384214568638,0.00109349264676792
0.9158867561562016,0.0010825577203002407
0.916726639531698,0.0010717321430972382
0.9161297310824311,0.0010611932592293496
0.9155388184800317,0.0010507553038043337
0.9149538410971327,0.0010404173790208363
0.9158031449698875,0.0010300132052306278
0.9166439558039147,0.0010197130731783215
0.9174763874692413,0.0010095159424465382
0.9183004948179148,0.0009994207830220727
0.9191163610931015,0.0009894265751918521
0.9199240969218465,0.0009795323094399335
0.9207237553923041,0.0009697369863455341
0.9215154447891127,0.0009600396164820788
0.9222992441153784,0.000950439220317258
0.9230752316013595,0.0009409348281140854
0.923843484711766,0.0009315254798329445
0.9246040801529969,0.0009222102250346151
0.9253570938803145,0.000912988122784269
0.9261026011049589,0.0009038582415564262
0.9268406532573569,0.0008948196591408619
0.9275713248882309,0.0008858714625494533
0.9268662698170258,0.0008771411468825257
0.9275967307939942,0.0008683697354137004
0.9283198871611928,0.0008596860380595634
0.9290358338709693,0.0008510891776789678
0.9268877376323126,0.0008428163030238374
0.9261895926258873,0.0008345041735820652
0.9269268844645091,0.0008261591318462446
0.9262283479897618,0.0008180135741162483
0.9269652522747449,0.0008098334383750858
0.9276947875168782,0.000801735103991335
0.9269885720116072,0.0007938337865398879
0.9277178943606418,0.0007858954486744889
0.9284399432829284,0.0007780364941877441
0.9234409272211962,0.0007706973487354808
0.9242057458148774,0.0007629903752481259
0.9249629162226217,0.0007553604714956447
0.9242840538025896,0.0007479171716530918
0.9236119800067578,0.0007405483048089645
0.9243750880725834,0.0007331428217608748
0.9251305650577507,0.000725811393543266
0.9258785065749658,0.0007185532796078333
0.9251905047958956,0.0007114752942699511
0.925937865735153,0.0007043605413272516
0.9266777530650179,0.000697316935913979
0.9274102598705903,0.0006903437665548392
0.9281354594984531,0.0006834403288892908
0.9288534245731862,0.0006766059256003979
0.9295642270043009,0.0006698398663443939
0.9288394447429835,0.0006632362281314464
0.9295504035544065,0.000656603865850132
0.9288257875986013,0.0006501279091399165
0.9295368991489774,0.0006436266300485173
0.9288124182372265,0.0006372804456963179
0.9295236634812163,0.0006309076412393547
0.9302277962727662,0.0006245985648269611
0.9309249034997723,0.0006183525791786915
0.9316150550238436,0.0006121690533869046
0.9322983050326741,0.0006060473628530356
0.9329747225414163,0.0005999868892245052
0.9336443758750712,0.0005939870203322601
0.9343073326753895,0.0005880471501289375
0.9349636599077046,0.0005821666786276481
0.935613438852844,0.0005763450118413716
0.936256734619094,0.0005705815617229579
0.9354651074055703,0.0005649571525659547
0.936109900731632,0.0005593075810402952
0.9367482600136778,0.0005537145052298923
0.9373802492449538,0.0005481773601775933
0.9380059185839169,0.0005426955865758174
0.9386253312294904,0.0005372686307100592
0.9392385629521429,0.0005318959444029586
0.9384171755298449,0.0005266487123264498
0.9390325142346486,0.0005213822252031852
0.9396416995524043,0.0005161684029511534
0.9373877987697484,0.0005111430909172171
0.9380134554120607,0.000506031660008045
0.93863285548795,0.0005009713434079645
0.9392460731968021,0.0004959616299738849
0.9384246521194612,0.0004910668331410517
0.9376114452528937,0.00048622098427654676
0.9382348770640965,0.0004813587744337813
0.9388520745571872,0.00047654518668944346
0.9394631114182519,0.000471779734822549
0.9400680379107059,0.00046706193747432355
0.9406669261975925,0.0004623913180995803
0.9412598363845068,0.0004577674049185845
0.9404183151311505,0.00045324830769270043
0.9410137321926101,0.0004487158246157734
0.9416031950834551,0.0004442286663696157
0.9421867733396829,0.00043978637970591955
0.9427645255578014,0.0004353885159088603
0.9419079912614023,0.0004310875661247111
0.9424885500645197,0.000426776690463464
0.9430633032796059,0.00042250892355882934
0.9436323179943297,0.00041828383432324106
0.9441956425619064,0.00041410099598000863
0.9447533338838072,0.0004099599860202085
0.9453054570984986,0.00040586038616000644
0.9444235367162531,0.00040185084607991114
0.94497895790262,0.000397832337619112
0.9455288248771232,0.0003938540142429209
0.9460732017677557,0.0003899154741004917
0.9466121432607234,0.00038601631935948676
0.9457171705515264,0.0003822027975022777
0.9462596723566564,0.0003783807695272549
0.9467967491437352,0.0003745969618319823
0.9473284633249172,0.0003708509922136625
0.9478548683222249,0.0003671424822915259
0.9483760170285607,0.00036347105746861063
0.948891961812871,0.00035983634689392454
0.9494027545252612,0.0003562379834249853
0.9499084465020629,0.00035267560359073544
0.9489805562088802,0.0003491879141532436
0.9494904840170749,0.00034569603501171113
0.9499953125471876,0.000342239074661594
0.9504950927919992,0.00033881668391497807
0.9509898752343626,0.0003354285170758283
0.950051182227036,0.0003321113696403336
0.9505504104406187,0.00032879025594393025
0.9496161120812295,0.0003255394911197545
0.9501196909962704,0.00032228409620855696
0.9506182406210997,0.0003190612552464714
0.9482547388372213,0.0003159412509038073
0.9487719443201148,0.00031278183839476923
0.9492839777481793,0.00030965402001082153
0.9497908970200326,0.0003065574798107133
0.9502927470991674,0.00030349190501260617
0.9507895786775109,0.0003004569859624801
0.9512814419400709,0.0002974524161028553
0.9517683925936304,0.0002944778919418268
0.9522504737406544,0.0002915331130224085
0.9527277399492496,0.0002886177818921844
0.9532002392219809,0.00028573160407326255
0.9536680190850577,0.0002828742880325299
0.9541311211495037,0.0002800455451522046
0.9545895976368074,0.00027724508970068256
0.955043489359238,0.00027447263880367575
0.9554928421644443,0.000271727912415639
0.9545091603417702,0.00026904096203452833
0.9549638564371512,0.000266350552414183
0.9554140055715784,0.0002636870468900412
0.9558596585220815,0.0002610501764211408
0.9563008549430796,0.0002584396746569294
0.9567376393998677,0.0002558552779103601
0.9571700611868279,0.0002532967251312565
0.9575981587559186,0.00025076375787994395
0.9565934370766471,0.000248284230824618
0.9570273108514635,0.00024580138851637177
0.9574568506848025,0.00024334337463120806
0.9578820997961764,0.000240909940884896
0.9583031009759,0.00023850084147604701
0.9587198965893071,0.00023611583306128655
0.9591325285809278,0.00023375467473067368
0.9595410342526323,0.00023141712798336694
0.9599454548676197,0.00022910295670353328
0.9603458355024498,0.00022681192713649794
0.9593136644475735,0.00022456735307852828
0.958291815103246,0.00022234522476113832
0.9587087362560659,0.00022012177251352693
0.9591214881973577,0.00021792055478839166
0.9595301126192365,0.00021574134924050775
0.9599346548142372,0.00021358393574810267
0.9603351515872879,0.00021144809639062163
0.9607316473095184,0.00020933361542671542
0.9611241780745267,0.00020724027927244827
0.9600842339264415,0.00020518969960780294
0.9604832426442711,0.0002031378026117249
0.960878264998441,0.00020110642458560766
0.9612693371290691,0.00019909536033975157
0.9616564985383911,0.00019710440673635404
0.9620397883336198,0.0001951333626689905
0.9624192488613295,0.0001931820290423006
0.962794914783762,0.0001912502087518776
0.9617382728453923,0.00018935793365781062
0.9621207485279842,0.00018746435432123252
0.9624994029934252,0.00018558971077802018
0.9628742709142117,0.00018373381367024
0.9632453901557904,0.0001818964755335376
0.9636128016561388,0.0001800775107782022
0.9625479868412115,0.00017829596396951275
0.9629223757396139,0.00017651300432981761
0.9632930207490323,0.00017474787428651943
0.9622314094394867,0.00017301867445762684
0.9626089673926941,0.00017128848771305057
0.9629827529651394,0.00016957560283592006
0.9633528006818602,0.00016787984680756085
0.9637191510402167,0.00016620104833948524
0.964081840935824,0.0001645390378560904
0.9644409068972908,0.0001628936474775295
0.9647963821991429,0.0001612647110027542
0.9651483027479765,0.00015965206389272665
0.9654967069820185,0.00015805554325379938
0.9658416271737201,0.0001564749878212614
0.9661831009819357,0.00015491023794304877
0.966521162800041,0.0001533611355636183
0.966855846679239,0.0001518275242079821
0.967187183719645,0.00015030924896590228
0.9675152100019404,0.00014880615647624326
0.9678399560214128,0.00014731809491148082
0.9681614545806906,0.000145844913962366
0.9684797381543755,0.00014438646482274235
0.9687948388923237,0.00014294260017451492
0.9691067911698796,0.00014151317417276978
0.969415626407974,0.0001400980424310421
0.9697213732936873,0.00013869706200673166
0.970024065131776,0.00013731009138666435
0.9703237300514836,0.0001359369904727977
0.970620400682697,0.00013457762056806973
0.9709141069092843,0.00013323184436238902
0.9712048760736057,0.00013189952591876513
0.9714927397904289,0.00013058053065957746
0.9717777270581263,0.0001292747253529817
0.9720598644531465,0.00012798197809945188
0.9723391804742166,0.00012670215831845735
0.9726157033350761,0.00012543513673527278
0.9728894631006691,0.00012418078536792005
0.9731604873486158,0.00012293897751424084
0.9734288033820931,0.00012170958773909843
0.9736944362552357,0.00012049249186170745
0.9739574127996468,0.00011928756694309037
0.9742177615559244,0.00011809469127365947
0.9744755068246393,0.00011691374436092287
0.9747306746406672,0.00011574460691731364
0.9749832907785347,0.0001145871608481405
0.9752333807550236,0.00011344128923965909
0.9740524094197084,0.0001123178928795264
0.9743118101376641,0.00011119471395073113
0.9745686168484403,0.00011008276681122382
0.9748228573717912,0.00010898193914311158
0.9750745554899085,0.00010789211975168046
0.9753237366268447,0.00010681319855416365
0.9755704259524115,0.00010574506656862202
0.9743860889996242,0.00010469782668490375
0.9746421584210285,0.00010365084841805471
0.9734671071684786,0.00010262404656190801
0.9737323681503975,0.00010159780609628893
0.9739949765224973,0.00010058182803532605
0.9742549605095248,9.957600975497279e-05
0.9745123446566819,9.858024965742305e-05
0.9747671549623674,9.759444716084882e-05
0.9750194171649962,9.661850268924033e-05
0.9752691584017815,9.565231766234794e-05
0.9755164022261991,9.469579448572446e-05
0.9757611752271514,9.374883654086721e-05
0.9760035004980943,9.281134817545855e-05
0.9762434025163277,9.188323469370397e-05
0.9764809070887888,9.096440234676692e-05
0.9767160366155252,9.005475832329926e-05
0.9755202535059482,8.916276321513359e-05
0.9757649911035633,8.827113558298226e-05
0.9745787184491058,8.739697670221975e-05
0.9748328713972894,8.652300693519756e-05
0.9750844843126654,8.565777686584559e-05
0.9753335825581455,8.480119909718713e-05
0.9741516265227985,8.396131730522938e-05
0.9744100547689544,8.312170413217708e-05
0.9746659001198565,8.229048709085531e-05
0.9749191870172498,8.146758221994676e-05
0.975169941045669,8.065290639774729e-05
0.975418187533804,7.984637733376981e-05
0.9756639529095859,7.904791356043211e-05
0.975907261950325,7.82574344248278e-05
0.9747195749213211,7.748202356876455e-05
0.9749723290276906,7.670720333307691e-05
0.9752225555929964,7.594013129974614e-05
0.9754702811462534,7.518072998674867e-05
0.975715529443978,7.442892268688118e-05
0.9759583264809897,7.368463346001236e-05
0.9761986967393395,7.294778712541223e-05
0.9764366632951057,7.221830925415811e-05
0.9766722501853142,7.149612616161652e-05
0.9769054812066207,7.078116490000035e-05
0.9771363810796299,7.007335325100034e-05
0.9759364069988982,6.93790932791442e-05
0.9761769976139846,6.868530234635276e-05
0.9749866183389392,6.80047610452418e-05
0.97523670907804,6.732471343478938e-05
0.9754842989097499,6.665146630044148e-05
0.9757294128431426,6.598495163743706e-05
0.9759720756372015,6.53251021210627e-05
0.9762123128802529,6.467185109985207e-05
0.9764501477508738,6.402513258885355e-05
0.9766856053227986,6.338488126296502e-05
0.9769187083190041,6.275103245033537e-05
0.9771494813090076,6.212352212583202e-05
0.9773779475672775,6.15022869045737e-05
0.9776041301361769,6.088726403552797e-05
0.9778280508793873,6.027839139517269e-05
0.9780497333640478,5.967560748122096e-05
0.9782691990238617,5.907885140640875e-05
0.9784864700270774,5.8488062892344666e-05
0.9787015683202611,5.790318226342122e-05
0.9789145165556732,5.732415044078701e-05
0.9791253362107626,5.6750908936379135e-05
0.9793340485487819,5.618339984701534e-05
0.979540674620915,5.5621565848545186e-05
0.9797452344323268,5.506535019005973e-05
0.9785191827111558,5.451935473420669e-05
0.9773053915071965,5.397881923291217e-05
0.9775323049858022,5.343903104058305e-05
0.9777569493296219,5.2904640730177215e-05
0.9779793480451587,5.2375594322875445e-05
0.9781995227735403,5.185183837964669e-05
0.9784174965494148,5.1333319995850216e-05
0.9786332913624379,5.081998679589171e-05
0.9788469282273308,5.0311786927932796e-05
0.9790584287235747,4.9808669058653465e-05
0.9792678149703911,4.931058236806693e-05
0.9780465407670003,4.882158073028944e-05
0.9782660473482595,4.833336492298654e-05
0.9784833595639809,4.7850031273756674e-05
0.9786984993403132,4.737153096101911e-05
0.9789114883845811,4.689781565140892e-05
0.9791223481874629,4.642883749489483e-05
0.9793311000251461,4.596454911994588e-05
0.9795377649614622,4.550490362874642e-05
0.9797423632484151,4.5049854592458955e-05
0.9799449155524985,4.459935604653436e-05
0.9801454429351254,4.4153362486069016e-05
0.9803439650439261,4.371182886120832e-05
0.9805405019316387,4.327471057259624e-05
0.9807350734504742,4.2841963466870276e-05
0.9809276998406662,4.241354383220157e-05
0.9811183999669563,4.198940839387955e-05
0.9813071936638647,4.156951430994076e-05
0.9814940994238041,4.115381916684135e-05
0.981679136126144,4.0742280975172935e-05
0.981862323019045,4.03348581654212e-05
0.982043678043017,3.993150958376699e-05
0.9822232195167492,3.953219448792932e-05
0.9824009655757441,3.9136872543050025e-05
0.9825769347177938,3.874550381761952e-05
0.9813225762230681,3.8361001942170065e-05
0.9815093303055008,3.7977391922748364e-05
0.9816942173509916,3.759761800352088e-05
0.9804486873259084,3.72243789904587e-05
0.9806441817714838,3.6852135200554113e-05
0.9808377212726035,3.6483613848548573e-05
0.9810293258457402,3.6118777710063086e-05
0.9812190143731456,3.5757589932962456e-05
0.9814068064706296,3.540001403363283e-05
0.9801641517555365,3.504855086252192e-05
0.9803624924791966,3.46980653538967e-05
0.9805588497956201,3.4351084700357734e-05
0.9807532439828482,3.400757385335415e-05
0.9809456942282041,3.366749811482061e-05
0.981136220403976,3.33308231336724e-05
0.9813248413179901,3.2997514902335676e-05
0.9815115760228642,3.266753975331232e-05
0.9816964438027375,3.23408643557792e-05
0.9818794633163088,3.2017455712221406e-05
0.9820606526347445,3.1697281155099194e-05
0.9822400304612052,3.13803083435482e-05
0.9824176149005805,3.106650526011272e-05
0.9825934234955621,3.075584020751159e-05
0.9827674740045939,3.0448281805436473e-05
0.9829397843899349,3.0143798987382108e-05
0.9831103720432873,2.9842360997508287e-05
0.9832792538201063,2.9543937387533204e-05
0.9820178777331796,2.925051803937027e-05
0.9807691157101256,2.895998238411578e-05
0.9809614111110149,2.8670382560274622e-05
0.981151783893945,2.8383678734671876e-05
0.9813402529490458,2.8099841947325155e-05
0.9815268373135956,2.7818843527851905e-05
0.9817115561621484,2.7540655092573385e-05
0.9804658582191175,2.7267074014671303e-05
0.9806611871780725,2.699440327452459e-05
0.9808545631589088,2.6724459241779344e-05
0.9810460053799369,2.645721464936155e-05
0.981235533482439,2.6192642502867932e-05
0.9814231666000081,2.593071607783925e-05
0.9816089236750913,2.567140891706086e-05
0.9817928231794237,2.541469482789025e-05
0.9819748839701854,2.5160547879611348e-05
0.9821551244274753,2.4908942400815235e-05
0.9823335624801923,2.465985297680708e-05
0.9825102164199571,2.4413254447039012e-05
0.9826851038203241,2.416912190256862e-05
0.9814296726325086,2.3928884190362764e-05
0.9816153659859992,2.3689595348459137e-05
0.9817992026539593,2.3452699394974544e-05
0.981981201197044,2.32181724010248e-05
0.9821613797546979,2.2985990677014552e-05
0.9823397567625344,2.2756130770244406e-05
0.9825163500002925,2.252856946254196e-05
0.982691177305673,2.230328376791654e-05
0.982864256567865,2.2080250930237376e-05
0.9830356050374351,2.1859448420935003e-05
0.9832052400223095,2.1640853936725652e-05
0.9833731786573351,2.1424445397358396e-05
0.9835394381301291,2.121020094338481e-05
0.9837040352267107,2.099809893395096e-05
0.9838669865653793,2.0788117944611453e-05
0.9840283085983875,2.0580236765165338e-05
0.9841880176135991,2.0374434397513683e-05
0.9843461295386585,2.0170690053538546e-05
0.9845026603444673,1.996898315300316e-05
0.984657626039688,1.976929332147313e-05
0.9848110420779564,1.9571600388258396e-05
0.9849629239558422,1.937588438437581e-05
0.985113287014949,1.918212554053205e-05
0.9852621464434649,1.899030428512673e-05
0.9854095172776955,1.8800401242275465e-05
0.9855554145961173,1.861239722985271e-05
0.9856998529413548,1.8426273257554184e-05
0.9858428469031398,1.824201052497864e-05
0.9859844109253071,1.8059590419728852e-05
0.9861245593072526,1.7878994515531563e-05
0.9848347358494931,1.770127725629088e-05
0.9849863809821968,1.752426448372797e-05
0.9851365096635735,1.734902183889069e-05
0.9852851370581364,1.7175531620501785e-05
0.9854322783664735,1.700377630429677e-05
0.9855779484447542,1.68337385412538e-05
0.9857221620007033,1.6665401155841263e-05
0.9858649334210929,1.649874714428285e-05
0.9860062771272786,1.6333759672840023e-05
0.9861462073964025,1.6170422076111623e-05
0.9862847383628351,1.6008717855350507e-05
0.9864218840196034,1.5848630676797002e-05
0.986557658219804,1.569014437002903e-05
0.9852635042436603,1.553423715537975e-05
0.9854108622416203,1.5378894783825952e-05
0.9855567466596008,1.5225105835987693e-05
0.9857011722334015,1.5072854777627816e-05
0.9858441537254541,1.4922126229851538e-05
0.9859857055722263,1.4772904967553023e-05
0.9861258419005309,1.4625175917877492e-05
0.9862645768655524,1.4478924158698718e-05
0.9864019246463228,1.433413491711173e-05
0.9865378989492857,1.4190793567940613e-05
0.986672513670483,1.4048885632261207e-05
0.9868057824017011,1.3908396775938595e-05
0.9869377185989089,1.3769312808179209e-05
0.9870683354341445,1.3631619680097416e-05
0.9871976462504971,1.3495303483296441e-05
0.9873256641044188,1.3360350448463478e-05
0.9874524019218904,1.3226746943978842e-05
0.9875778724997244,1.3094479474539054e-05
0.9877020885068537,1.2963534679793663e-05
0.9878250624856084,1.2833899332995726e-05
0.98794680685298,1.2705560339665768e-05
0.9880673339018721,1.2578504736269111e-05
0.9881866556802752,1.245271968890642e-05
0.9883047843629587,1.2328192492017356e-05
0.9884217318778281,1.2204910567097182e-05
0.9885375099175489,1.208286146142621e-05
0.9872235595108332,1.1962679341590311e-05
0.9873513193902614,1.1843052548174408e-05
0.9874778016708954,1.1724622022692663e-05
0.987603019128723,1.1607375802465736e-05
0.9877269845251088,1.149130204444108e-05
0.9878497102675308,1.1376389023996669e-05
0.9879712087525285,1.1262625133756702e-05
0.9880914923629845,1.1149998882419136e-05
0.988210573137336,1.1038498893594944e-05
0.9883284631039438,1.0928113904658994e-05
0.9884451741708856,1.0818832765612405e-05
0.9885607181271581,1.071064443795628e-05
0.9886751067514181,1.0603537993576717e-05
0.9887883515942972,1.049750261364095e-05
0.9889004640909878,1.039252758750454e-05
0.9890114555623954,1.0288602311629495e-05
0.9891213371190891,1.01857162885132e-05
0.9892301199574077,1.0083859125628067e-05
0.9893378149673432,9.983020534371786e-06
0.9894444330271793,9.883190329028068e-06
0.9895499849064171,9.784358425737786e-06
0.9896544812668625,9.686514841480409e-06
0.9897579327584657,9.589649693065605e-06
0.989860349827546,9.493753196134948e-06
0.9899617428160189,9.3988156641736e-06
0.9900621219624384,9.304827507531862e-06
0.9901614974030291,9.211779232456544e-06
0.9902598791727084,9.119661440131979e-06
0.990357277124691,9.028464825730658e-06
0.990453701178561,8.93818017747335e-06
0.9905491610712643,8.848798375698616e-06
0.9906436664424284,8.76031039194163e-06
0.9907372268353339,8.672707288022214e-06
0.9908298516978771,8.585980215141992e-06
0.9909215503835223,8.500120412990571e-06
0.991012332082311,8.415119208860666e-06
0.9911022059641119,8.33096801677206e-06
0.9911911811770292,8.24765833660434e-06
0.9912792666378173,8.165181753238296e-06
0.9913664712439975,8.083529935705913e-06
0.991452803872302,8.002694636348854e-06
0.9915382732408047,7.922667689985366e-06
0.9916228879804417,7.843441013085511e-06
0.9917066566358813,7.765006602954656e-06
0.9903610165283031,7.687708644921284e-06
0.9904574039598829,7.6108315584720705e-06
0.9905528275772254,7.5347232428873495e-06
0.9906472970169709,7.459376010458476e-06
0.990740821819431,7.384782250353891e-06
0.9908334113738665,7.310934427850352e-06
0.9909250750884419,7.237825083571848e-06
0.9910158221658715,7.16544683273613e-06
0.9911056618268189,7.093792364408768e-06
0.9911946031440918,7.02285444076468e-06
0.9912826550481919,6.952625896357033e-06
0.991369826433251,6.8830996373934625e-06
0.9914561261560709,6.814268641019528e-06
0.9915415629319838,6.746125954609332e-06
0.9916261453401376,6.678664695063239e-06
0.9917098819242098,6.611878048112606e-06
0.9917927811915046,6.545759267631481e-06
0.9918748515139629,6.4803016749551656e-06
0.9919561011798373,6.415498658205614e-06
0.9920365383945277,6.351343671623558e-06
0.9921161712814088,6.287830234907323e-06
0.9921950078394212,6.224951932558249e-06
0.9922730560318533,6.162702413232667e-06
0.9923503237855906,6.10107538910034e-06
0.992426818903939,6.040064635209336e-06
0.9925025491121989,5.979663988857243e-06
0.9925775220183762,5.919867348968671e-06
0.9926517451954917,5.860668675478984e-06
0.992725226140836,5.802061988724194e-06
0.9927979723167945,5.744041368836952e-06
0.9928699910700591,5.686600955148582e-06
0.9929412896738804,5.629734945597097e-06
0.9915833040753032,5.5736498073133076e-06
0.9916674695490719,5.5179133092401745e-06
0.99175079340524,5.462734176147773e-06
0.9918332840590548,5.408106834386295e-06
0.9919149498063315,5.3540257660424325e-06
0.9919957988961355,5.300485508382008e-06
0.9920758394950414,5.247480653298188e-06
0.9921550797232616,5.195005846765206e-06
0.9922335275491995,5.1430557882975534e-06
0.992311190896878,5.091625230414578e-06
0.9923880776455005,5.040708978110432e-06
0.9924641955266368,4.990301888329328e-06
0.992539552262522,4.940398869446034e-06
0.9926141554310483,4.8909948807515735e-06
0.9926880125678893,4.8420849319440575e-06
0.992761131133362,4.793664082624617e-06
0.9928335185131799,4.745727441798371e-06
0.9929051820519208,4.6982701673803875e-06
0.9915475577363524,4.651465212004737e-06
0.9916320809458704,4.60495055988469e-06
0.9917157589232932,4.5589010542858434e-06
0.9917986001512697,4.513312043742985e-06
0.9918806129669665,4.468178923305556e-06
0.9919618056840761,4.4234971340725e-06
0.9920421864740147,4.379262162731775e-06
0.9921217634848842,4.3354695411044576e-06
0.9922005447256451,4.292114845693413e-06
0.9922785381539985,4.249193697236478e-06
0.992355751676178,4.206701760264114e-06
0.9924321930905426,4.1646347426614725e-06
0.9925078701174855,4.122988395234857e-06
0.992582790374159,4.081758511282509e-06
0.9912283901709049,4.041086083007977e-06
0.991316105253098,4.000675222177897e-06
0.9914029431844691,3.960668469956118e-06
0.991488912761929,3.921061785256557e-06
0.9915740226683817,3.881851167403992e-06
0.991658281499918,3.843032655729952e-06
0.9917416977431389,3.8046023291726523e-06
0.9918242798474721,3.7665563058809256e-06
0.991906036130762,3.7288907428221163e-06
0.9919869748741749,3.6916018353938952e-06
0.9920671042301537,3.6546858170399563e-06
0.9921464323149546,3.6181389588695566e-06
0.9922249671407299,3.581957569280861e-06
0.9908741453294956,3.546256536184067e-06
0.9909654030464023,3.5107939708222266e-06
0.991055748206885,3.475686031114004e-06
0.9911451899359893,3.440929170802864e-06
0.9912337372675232,3.406519879094835e-06
0.9913213991449693,3.372454680303887e-06
0.991408184422388,3.338730133500848e-06
0.9914941018653107,3.305342832165839e-06
0.9915791601338043,3.2722894038441808e-06
0.991663367819613,3.239566509805739e-06
0.9917467334285635,3.2071708447076817e-06
0.9918292653814245,3.175099136260605e-06
0.9904824007032971,3.1434474351812304e-06
0.990577576018608,3.112012960829418e-06
0.990671799597707,3.080892831221124e-06
0.990765080957533,3.0500839029089126e-06
0.9908574295037608,3.0195830638798236e-06
0.9909488545806311,2.9893872332410252e-06
0.9910393654224351,2.959493360908615e-06
0.9911289711711307,2.929898427299529e-06
0.9912176808772665,2.9005994430265337e-06
0.9913055035008946,2.8715934485962685e-06
0.9913924478982865,2.842877514110306e-06
0.9914785228517045,2.814448738969203e-06
0.9915637370555882,2.786304251579511e-06
0.9916480991316231,2.758441209063716e-06
0.9917316175868977,2.7308567969730786e-06
0.9903857295199653,2.703625310992482e-06
0.9904818716851916,2.676589057882557e-06
0.9905770524287658,2.6498231673037315e-06
0.9906712813783936,2.6233249356306942e-06
0.9907645680516771,2.5970916862743872e-06
0.9908569218582278,2.5711207694116433e-06
0.9909483521395364,2.5454095617175268e-06
0.9910388681180318,2.5199554661003514e-06
0.991128478949245,2.494755911439348e-06
0.9912171936721462,2.4698083523249543e-06
0.9913050212600085,2.445110268801705e-06
0.9913919705719921,2.4206591661136878e-06
0.9914780504027413,2.396452574452551e-06
0.9915632694467713,2.3724880487080255e-06
0.9916476363116595,2.3487631682209452e-06
0.991731159518915,2.3252755365387356e-06
0.991813847494098,2.3020227811733484e-06
0.9918957085895291,2.279002553361615e-06
0.9919767510847466,2.2562125278279988e-06
0.9920569831550119,2.2336504025497186e-06
0.9921364129150467,2.2113138985242216e-06
0.9922150483876916,2.1892007595389794e-06
0.9922928975155652,2.1673087519435897e-06
0.9923699681521599,2.145635664424154e-06
0.992446268092095,2.1241793077799123e-06
0.9925218050326308,2.102937514702113e-06
0.9925965866037612,2.081908139555092e-06
0.9926706203686437,2.061089058159541e-06
0.9927439138051046,2.0404781675779457e-06
0.9928164743072009,2.020073385902166e-06
0.9928883092132724,1.9998726520431445e-06
0.9929594257702833,1.979873925522713e-06
0.993029831161724,1.960075186267486e-06
0.9930995325080217,1.940474434404811e-06
0.9931685368494086,1.921069690060763e-06
0.9932368511473817,1.9018589931601553e-06
0.9933044823107133,1.8828404032285538e-06
0.9933714371705414,1.8640119991962682e-06
0.993437722489698,1.8453718792043055e-06
0.9935033449633913,1.8269181604122624e-06
0.9935683112123478,1.8086489788081399e-06
0.9936326277988147,1.7905624890200584e-06
0.9936963012194169,1.7726568641298578e-06
0.9937593379133484,1.754930295488559e-06
0.9938217442476873,1.7373809925336735e-06
0.9938835265258461,1.7200071826083368e-06
0.9939446909882074,1.7028071107822533e-06
0.9940052438127545,1.6857790396744308e-06
0.9940651911090561,1.6689212492776865e-06
0.9941245389323947,1.6522320367849096e-06
0.9941832932775,1.6357097164170605e-06
0.9942414600857935,1.61935261925289e-06
0.9942990452260041,1.6031590930603612e-06
0.9929274831287799,1.5871635675831889e-06
0.9929982080450339,1.5712919319073569e-06
0.9930682257184368,1.5555790125882833e-06
0.9931375432151056,1.5400232224624004e-06
0.9932061675368078,1.5246229902377765e-06
0.993274105615293,1.5093767603353987e-06
0.9933413643129932,1.4942829927320446e-06
0.9934079504298703,1.479340162804724e-06
0.9934738706915783,1.4645467611766767e-06
0.9935391317565192,1.44990129356491e-06
0.9936037402108107,1.4354022806292608e-06
0.9936677025862627,1.4210482578229682e-06
0.9937310253379602,1.4068377752447385e-06
0.9937937148621407,1.392769397492291e-06
0.9938557774966404,1.378841703517368e-06
0.9939172195102172,1.3650532864821943e-06
0.9939780471089446,1.3514027536173723e-06
0.9940382664316847,1.3378887260811986e-06
0.9940978835663516,1.3245098388203867e-06
0.994156904529672,1.3112647404321827e-06
0.9942153352883845,1.298152093027861e-06
0.9942731817444096,1.2851705720975822e-06
0.9943304497358745,1.2723188663766064e-06
0.9929585736461519,1.2596229764258017e-06
0.9930289877233767,1.2470267466615437e-06
0.993098697664487,1.2345564791949281e-06
0.9917391391035657,1.222236865242012e-06
0.9918217475354156,1.210014496589592e-06
0.991903529882947,1.197914351623696e-06
0.9919844944070032,1.185935208107459e-06
0.9920646492858187,1.1740758560263844e-06
0.9921440026202739,1.1623350974661206e-06
0.9922225624213845,1.1507117464914594e-06
0.992300336624484,1.1392046290265447e-06
0.9923773330855525,1.1278125827362793e-06
0.9924535595863276,1.1165344569089164e-06
0.9925290238263041,1.1053691123398273e-06
0.9926037334238809,1.094315421216429e-06
0.9926776959295859,1.0833722670042648e-06
0.9927509188142352,1.0725385443342222e-06
0.9913948380637602,1.0618354524341357e-06
0.9914808895270677,1.0512170979097943e-06
0.9915660804796437,1.0407049269306964e-06
0.9916504195226938,1.0302978776613895e-06
0.9917339151791174,1.0199948988847756e-06
0.9918165758789766,1.0097949498959278e-06
0.9918984099718373,9.996970003969684e-07
0.9919794257237694,9.897000303929986e-07
0.9920596313218909,9.798030300890686e-07
0.9921390348640311,9.70004999788178e-07
0.9922176443743659,9.603049497902961e-07
0.9908668963811723,9.507220466975027e-07
0.9909582272763358,9.412148262305277e-07
0.9910486448625475,9.318026779682224e-07
0.9911381582728972,9.224846511885402e-07
0.9912267765491434,9.132598046766548e-07
0.991314508642627,9.041272066298883e-07
0.9914013634187016,8.950859345635894e-07
0.9914873496470153,8.861350752179535e-07
0.991572476013046,8.772737244657739e-07
0.9916567511188538,8.685009872211162e-07
0.9903116120641837,8.598351290252755e-07
0.9904084958094801,8.512367777350228e-07
0.9905044107206751,8.427244099576725e-07
0.9905993664860259,8.342971658580958e-07
0.9906933726937232,8.259541941995149e-07
0.9907864388425295,8.176946522575197e-07
0.9908785743329542,8.095177057349445e-07
0.9909697884715035,8.014225286775951e-07
0.9910600904716202,7.934083033908191e-07
0.9911494894517359,7.854742203569109e-07
0.9912379944449295,7.776194781533418e-07
0.9913256143881913,7.698432833718083e-07
0.9914123581348276,7.621448505380902e-07
0.9914982344467347,7.545234020327093e-07
0.9915832519981913,7.469781680123821e-07
0.9916674193741333,7.395083863322583e-07
0.9917507450763159,7.321133024689357e-07
0.9918332375240786,7.247921694442463e-07
0.9919149050473637,7.175442477498038e-07
0.9919957558979527,7.103688052723058e-07
0.9920757982425092,7.032651172195827e-07
0.9921550401660318,6.962324660473869e-07
0.9922334896726706,6.89270141386913e-07
0.9923111546865354,6.823774399730438e-07
0.9923880430524968,6.755536655733134e-07
0.9924641625347986,6.687981289175802e-07
0.9925395208244567,6.621101476284045e-07
0.9926141255333432,6.554890461521204e-07
0.9926879841951407,6.489341556905993e-07
0.9927611042703203,6.424448141336933e-07
0.9928334931468197,6.360203659923564e-07
0.9929051581345542,6.296601623324328e-07
0.9929761064744311,6.233635607091084e-07
0.9930463453309094,6.171299251020174e-07
0.9931158818007924,6.109586258509973e-07
0.9931847229078967,6.048490395924873e-07
0.9932528756039299,5.988005491965624e-07
0.993320346774875,5.928125437045968e-07
0.9933871432341107,5.868844182675508e-07
0.9934532717305794,5.810155740848752e-07
0.9935187389420834,5.752054183440264e-07
0.9935835514814724,5.694533641605862e-07
0.9936477158972472,5.637588305189803e-07
0.9937112386688642,5.581212422137906e-07
0.9937741262127652,5.525400297916526e-07
0.993836384881227,5.470146294937361e-07
0.9938980209647396,5.415444831987987e-07
0.9939590406874169,5.361290383668107e-07
0.9940194502128675,5.307677479831426e-07
0.9940792556430637,5.254600705033112e-07
0.9941384630189578,5.202054697982781e-07
0.994197078321093,5.150034151002953e-07
0.994255107470207,5.098533809492923e-07
0.9943125563278297,5.047548471397994e-07
0.9943694306985681,4.997072986684014e-07
0.994425736325599,4.947102256817174e-07
0.9944814788963597,4.897631234249002e-07
0.9945366640414128,4.848654921906512e-07
0.994591297336665,4.800168372687446e-07
0.9946453843005729,4.752166688960572e-07
0.9946989303948418,4.704645022070966e-07
0.994751941028168,4.6575985718502563e-07
0.9948044215551609,4.6110225861317536e-07
0.9948563772768839,4.564912360270436e-07
0.9949078134429578,4.5192632366677317e-07
0.9949587352473709,4.474070604301054e-07
0.9950091478352688,4.4293298982580434e-07
0.9950590562972879,4.385036599275463e-07
0.9951084656761774,4.341186233282708e-07
0.995157380961278,4.2977743709498807e-07
0.9952058070935277,4.2547966272403817e-07
0.9952537489644548,4.212248660967978e-07
0.9953012114166727,4.170126174358298e-07
0.9953481992443683,4.128424912614715e-07
0.995394717193787,4.087140663488568e-07
0.995440769965165,4.0462692568536825e-07
0.9954863622088291,4.0058065642851455e-07
0.9955314985314737,3.965748498642294e-07
0.9955761834908918,3.926091013655871e-07
0.9956204216020976,3.886830103519312e-07
0.9956642173321913,3.847961802484119e-07
0.9957075751049841,3.809482184459278e-07
0.9957504993000489,3.771387362614685e-07
0.995792994253163,3.733673488988538e-07
0.9958350642580931,3.6963367540986527e-07
0.9958767135642873,3.659373386557666e-07
0.9959179463774196,3.6227796526920895e-07
0.9959587668637012,3.5865518561651686e-07
0.9959991791463686,3.550686337603517e-07
0.9960391873074267,3.515179474227482e-07
0.9946502239650854,3.4800955054596203e-07
0.9947037216791433,3.445294550405024e-07
0.9947566844172179,3.410841604900974e-07
0.9948091175279117,3.376733188851964e-07
0.9948610263086269,3.3429658569634443e-07
0.9949124160015351,3.30953619839381e-07
0.9949632917975142,3.276440836409872e-07
0.9950136588355335,3.243676428045773e-07
0.9950635222031726,3.211239663765315e-07
0.9951128869371353,3.1791272671276616e-07
0.9951617580237584,3.147335994456385e-07
0.9952101403995153,3.115862634511821e-07
0.9952580389515145,3.084704008166703e-07
0.9953054585179938,3.053856968085036e-07
0.9953524038899084,3.0233183984041855e-07
0.9953988798081039,2.993085214420144e-07
0.99544489096819,2.963154362275942e-07
0.9954904420177211,2.9335228186531825e-07
0.9955355375567568,2.904187590466651e-07
0.9941516107176576,2.875203981706628e-07
0.9942100945707137,2.8464519418895614e-07
0.9942679935852393,2.817987422470666e-07
0.9943253136096196,2.789807548245959e-07
0.9943820604337561,2.7619094727634993e-07
0.9944382397906454,2.7342903780358644e-07
0.994493857354935,2.706947474255506e-07
0.9945489187445269,2.679877999512951e-07
0.993174858096917,2.653131874830878e-07
0.9932431094800106,2.626600556082569e-07
0.9933106783492732,2.6003345505217434e-07
0.9933775715307416,2.574331205016526e-07
0.9934437957803953,2.5485878929663607e-07
0.9935093577875526,2.523102014036697e-07
0.9935742641755141,2.49787099389633e-07
0.9936385215004502,2.472892283957367e-07
0.9937021362521369,2.448163361117793e-07
0.9937651148571395,2.423681727506615e-07
0.9938274636760921,2.399444910231549e-07
0.9938891890076671,2.3754504611292337e-07
0.9939502970859263,2.3516959565179412e-07
0.9940107940841945,2.3281789969527619e-07
0.9940706861132518,2.3048972069832343e-07
0.9941299792220185,2.281848234913402e-07
0.9941886794004501,2.2590297525642678e-07
0.9942467925770974,2.236439455038625e-07
0.9943043246219782,2.2140750604882388e-07
0.9943612813471439,2.1919343098833564e-07
0.9944176685050579,2.170014966784523e-07
0.9944734917913928,2.1483148171166776e-07
0.9945287568455797,2.126831668945511e-07
0.9945834692499222,2.1055633522560558e-07
0.9946376345309014,2.0845077187334953e-07
0.9946912581597337,2.0636626415461603e-07
0.9947443455522778,2.0430260151306986e-07
0.9947969020715428,2.0225957549793915e-07
0.9934203616006455,2.002405814752975e-07
0.9934861579594269,1.9823817566054451e-07
0.9935512963546205,1.9625579390393905e-07
0.9936157833664925,1.9429323596489966e-07
0.9936796255088602,1.9235030360525066e-07
0.9937428292304036,1.9042680056919815e-07
0.9938054009147315,1.8852253256350616e-07
0.9938673468822161,1.866373072378711e-07
0.9939286733900259,1.847709341654924e-07
0.9939893866327575,1.8292322482383747e-07
0.9940494927436461,1.8109399257559909e-07
0.9941089977934258,1.792830526498431e-07
0.9941679077927076,1.7749022212334467e-07
0.9942262286919966,1.757153199021112e-07
0.9942839663822928,1.739581667030901e-07
0.994341126695686,1.722185850360592e-07
0.9943977154059452,1.704963991856986e-07
0.9944537382291019,1.687914351938416e-07
0.9945092008245965,1.6710352084190317e-07
0.9945641087941361,1.6543248563348414e-07
0.9946184676839804,1.637781607771493e-07
0.9946722829849263,1.621403791693778e-07
0.9947255601328626,1.6051897537768402e-07
0.9947783045098751,1.589137856239072e-07
0.9948305214436589,1.573246477676681e-07
0.9948822162081049,1.5575140128999142e-07
0.9949333940249064,1.541938872770915e-07
0.9949840600640678,1.526519484043206e-07
0.9950342194428377,1.5112542892027738e-07
0.9950838772283345,1.4961417463107462e-07
0.9951330384364783,1.4811803288476388e-07
0.9951817080325406,1.4663685255591626e-07
0.9952298909326422,1.4517048403035708e-07
0.9952775920037429,1.437187791900535e-07
0.9953248160641326,1.4228159139815297e-07
0.9953715678839183,1.4085877548417145e-07
0.9954178521855063,1.3945018772932974e-07
0.9954636736440783,1.3805568585203645e-07
0.9955090368880646,1.3667512899351608e-07
0.9955539465001003,1.3530837770358093e-07
0.9955984070164927,1.339552939265451e-07
0.9956424229281864,1.3261574098727964e-07
0.9956859986812167,1.3128958357740685e-07
0.9957291386771588,1.2997668774163278e-07
0.9957718472735728,1.2867692086421645e-07
0.995814128784443,1.2739015165557427e-07
0.9958559874806142,1.2611625013901854e-07
0.9944688561635358,1.2485737110346337e-07
0.9945241675863158,1.2360879739242873e-07
0.9945789258952575,1.2237270941850446e-07
0.9946331366214898,1.2114898232431942e-07
0.9946868052408301,1.1993749250107622e-07
0.9947399371743382,1.1873811757606545e-07
0.9947925377885112,1.1755073640030479e-07
0.9948446123968945,1.1637522903630175e-07
0.994896166259194,1.1521147674593872e-07
0.9949472045832137,1.1405936197847933e-07
0.994997732524328,1.1291876835869454e-07
0.9950477551863575,1.117895806751076e-07
0.9950972776220848,1.1067168486835652e-07
0.9951463048337651,1.0956496801967295e-07
0.9951948417736312,1.0846931833947623e-07
0.9952428933440985,1.0738462515608146e-07
0.9952904643988613,1.0631077890452064e-07
0.9939089883161901,1.0524935630948513e-07
0.9939698984215267,1.0419686274639027e-07
0.99403019942581,1.0315489411892636e-07
0.9940898974203379,1.021233451777371e-07
0.9941489984349207,1.0110211172595972e-07
0.9942075084393576,1.0009109060870013e-07
0.9942654333440304,9.909017970261313e-08
0.9943227789999298,9.8099277905587e-08
0.9943795511992702,9.711828512653113e-08
0.9944357556766172,9.614710227526582e-08
0.9944913981094574,9.518563125251316e-08
0.9945464841179692,9.423377493998803e-08
0.9946010192663958,9.329143719058815e-08
0.9946550090635979,9.235852281868226e-08
0.9947084589630815,9.143493759049545e-08
0.9947613743635701,9.05205882145905e-08
0.9948137606100539,8.96153823324446e-08
0.9948656229943198,8.871922850912015e-08
0.9949169667547431,8.783203622402894e-08
0.9949677970775621,8.695371586178864e-08
0.995018119097153,8.608417870317076e-08
0.9950679378967887,8.522333691613905e-08
0.995117258508663,8.437110354697766e-08
0.9951660859146474,8.352739251150788e-08
0.995214425046572,8.26921185863928e-08
0.9952622807871773,8.186519740052887e-08
0.9953096579705998,8.104654542652359e-08
0.9953565613821881,8.023607997225835e-08
0.9954029957596605,7.943371917253576e-08
0.9954489657935758,7.86393819808104e-08
0.9954944761271519,7.78529881610023e-08
0.9955395313576045,7.707445827939228e-08
0.9955841360359595,7.630371369659836e-08
0.9956282946675309,7.554067655963237e-08
0.9956720117127866,7.478526979403604e-08
0.9957152915875898,7.403741709609568e-08
0.9957581386636448,7.329704292513472e-08
0.9958005572689393,7.256407249588338e-08
0.9958425516883826,7.183843177092455e-08
0.9958841261638283,7.11200474532153e-08
0.9959252848945195,7.040884697868315e-08
0.9959660320380955,6.970475850889632e-08
0.9960063717102358,6.900771092380735e-08
0.9960463079856546,6.831763381456928e-08
0.9960858448983193,6.763445747642359e-08
0.9961249864420443,6.695811290165935e-08
0.996163736570332,6.628853177264275e-08
0.9962020991973368,6.562564645491632e-08
0.9962400781980716,6.496938999036716e-08
0.996277677408799,6.43196960904635e-08
0.9963149006276015,6.367649912955886e-08
0.996351751614216,6.303973413826327e-08
0.9963882340909642,6.240933679688063e-08
0.9964243517429451,6.178524342891182e-08
0.9964601082185839,6.11673909946227e-08
0.9964955071296395,6.055571708467648e-08
0.9965305520517537,5.995015991382971e-08
0.9965652465246466,5.935065831469142e-08
0.9965995940528106,5.8757151731544505e-08
0.9966335981058577,5.816958021422906e-08
0.9966672621183744,5.758788441208677e-08
0.9967005894909264,5.7012005567965905e-08
0.996733583589753,5.6441885512286244e-08
0.9967662477477479,5.587746665716338e-08
0.9967985852641629,5.531869199059174e-08
0.9968305994055663,5.4765505070685826e-08
0.9968622934057046,5.421785001997897e-08
0.9968936704659868,5.3675671519779175e-08
0.996924733755666,5.3138914804581386e-08
0.99695548641259,5.260752565653557e-08
0.9969859315430828,5.2081450399970214e-08
0.9970160722222706,5.1560635895970514e-08
0.9970459114946666,5.1045029537010806e-08
0.9956468809466512,5.053532878646443e-08
0.9956904121319379,5.0029975498599784e-08
0.9957335080055029,4.9529675743613784e-08
0.9943476014924916,4.9035109792380794e-08
0.9944041254725788,4.8544758694456986e-08
0.9944600842129899,4.805931110751241e-08
0.9945154833659969,4.757871799643729e-08
0.9945703285274738,4.710293081647292e-08
0.994624625237336,4.6631901508308186e-08
0.9946783789800995,4.6165582493225105e-08
0.9947315951854354,4.5703926668292855e-08
0.9947842792288395,4.524688740160993e-08
0.9948364364318095,4.4794418527593825e-08
0.9948880720628684,4.434647434231789e-08
0.9949391913376168,4.390300959889471e-08
0.9949897994196176,4.346397950290576e-08
0.995039901420914,4.3029339707876703e-08
0.9950895024021975,4.259904631079794e-08
