iteration,model,mean_loss,std_loss
0,util,1.3810688367486,0.5266125418643236
1,util,1.3551953192055226,0.5220605253346718
2,util,1.2334158693253994,0.4876333008371382
3,util,1.2290196305513381,0.5517773975661602
4,util,1.1864388547837734,0.5252490578758499
5,util,1.2870063802599907,0.46502091423791225
6,util,1.1757371351122856,0.5323973832221707
7,util,1.1948534017801284,0.5363686952336907
8,util,1.2436308908462523,0.46087428483953685
9,util,1.1806831347942353,0.4804445194048349
10,util,1.138531718403101,0.4508238993771032
11,util,1.1110371991991996,0.4784185580421045
12,util,1.0942006568610667,0.4075400443184954
13,util,1.0555180916190148,0.4096866883979973
14,util,1.1011756893992424,0.38658740478387643
15,util,1.0237752297520637,0.40288794247121484
16,util,0.9862256829440593,0.43068444123547045
17,util,0.9853527948260308,0.3877488418374438
18,util,1.0399417462944984,0.3791913924829369
19,util,0.9684760935604573,0.4072413694168937
20,util,0.978766958117485,0.3963435396486921
21,util,0.9304114563763142,0.3514544892120975
22,util,0.9868103325366974,0.4456104803555569
23,util,0.9305966798961163,0.38744703318928136
24,util,0.8859948645532131,0.30682431692329104
25,util,0.835051236897707,0.3427321300381535
26,util,0.8838553442060948,0.34607795520784956
27,util,0.8535780715942383,0.3407770805417259
28,util,0.8293680113554001,0.32017593061534383
29,util,0.7832543665170669,0.31438176227894693
30,util,0.822211907505989,0.31145599925103873
31,util,0.7852626231312752,0.3113461621388934
32,util,0.8106499786674977,0.27319178545891115
33,util,0.7902447256445885,0.29989416882905384
34,util,0.7473537772893906,0.29901047817179566
35,util,0.7303867976367474,0.2551888730704944
36,util,0.7021247000992298,0.2345782944257344
37,util,0.7702612361311912,0.2865637398991313
38,util,0.7520118619501591,0.26594484936220447
39,util,0.7137374421954155,0.2868824059507084
40,util,0.6972681103646755,0.2629785549094863
41,util,0.6985937710106372,0.2527943229221068
42,util,0.6591412626206875,0.22720566837525427
43,util,0.612525844424963,0.2136011835124756
44,util,0.5924209303408862,0.22110091979814453
45,util,0.6360861670970916,0.22205376455063938
46,util,0.6378277915716172,0.24596767155921823
47,util,0.6082769054174423,0.20684790063084058
48,util,0.6286591198295355,0.2357707449049063
49,util,0.5911603054404259,0.19399559432102798
50,util,0.5631035651266575,0.22750407803371003
51,util,0.5938011528551579,0.2144782323651156
52,util,0.5748040893673897,0.2063918018655946
53,util,0.5522415165603161,0.20359029940487722
54,util,0.5568201613426208,0.20986567333125472
55,util,0.5105502796173096,0.19517336753766143
56,util,0.5120441024750471,0.18024658268044816
57,util,0.5108454446494579,0.1660962852357033
58,util,0.49814583219587805,0.1755510593333767
59,util,0.48492121160030366,0.15680558463667746
60,util,0.5000019703805446,0.15679254674608908
61,util,0.4710841280221939,0.1844951100701213
62,util,0.46070089921355245,0.13300973671115013
63,util,0.43247418679296973,0.1331189714990774
64,util,0.4477530290186405,0.13624855890858562
65,util,0.42208281613886356,0.127899452597553
66,util,0.4074673026800156,0.1382263338346924
67,util,0.40486740723252296,0.13146213775594973
68,util,0.3885475544631481,0.11459851833580578
69,util,0.37345342375338075,0.11747626687662197
70,util,0.3807270347326994,0.13347304196632784
71,util,0.39080358505249024,0.11173532995762149
72,util,0.363089142665267,0.10492008732852648
73,util,0.3845232766866684,0.10001364738685949
74,util,0.3529566095769405,0.10654618158873441
75,util,0.36776040829718115,0.0957636992347853
76,util,0.3431007653474808,0.09349535777774183
77,util,0.3331152731180191,0.09660184766161374
78,util,0.32531922563910487,0.09234390176290455
79,util,0.31351831190288065,0.08279425841522335
80,util,0.3083722198754549,0.08333454730162018
81,util,0.2935729837417603,0.08660147737664552
82,util,0.29831270068883897,0.07908502095509716
83,util,0.3083043031394482,0.0711922030647825
84,util,0.29360928386449814,0.07095549507156015
85,util,0.28704340018332003,0.0800030613202834
86,util,0.2752669997513294,0.05513895199052543
87,util,0.27617750838398936,0.06971822213669204
88,util,0.27977455861866474,0.06528548183538789
89,util,0.27332171007990835,0.059270664230264905
90,util,0.262259162068367,0.05242867204075978
91,util,0.2527158540487289,0.05768497953219033
92,util,0.25496680244803427,0.05053218053768365
93,util,0.25774424567818643,0.05182499212638228
94,util,0.2609498929977417,0.045317841686708465
95,util,0.2447710333764553,0.05275755404345539
96,util,0.24355733275413513,0.048022817067380354
97,util,0.2380068466067314,0.04485805246603516
98,util,0.2344476220011711,0.043729918136677495
99,util,0.23584678076207638,0.03918944338215418
100,util,0.22254241384565832,0.043809922205342584
101,util,0.22101061761379243,0.04091536572845785
102,util,0.2196776832640171,0.0420996238403852
103,util,0.22021814033389092,0.039260726035886234
104,util,0.21373295687139035,0.04072246751869403
105,util,0.21842506229877473,0.039478347232704936
106,util,0.2111689068377018,0.03591925940564643
107,util,0.21191678620874882,0.03982929743579797
108,util,0.21320162795484066,0.03548429331474432
109,util,0.20593950778245926,0.04225989967646897
110,util,0.20743310034275056,0.036329925956283746
111,util,0.21268180817365645,0.04135660918007289
112,util,0.20206560768187046,0.04352245447968184
113,util,0.20311727412045003,0.04316166213263611
114,util,0.1985668396949768,0.04209462498035643
115,util,0.20413709685206413,0.044135943970475634
116,util,0.20898540556430817,0.044621710212414685
117,util,0.2004307022690773,0.046232633205062566
118,util,0.19600305527448655,0.05096479292260562
119,util,0.196336110830307,0.04278448424968289
120,util,0.20534200832247734,0.04769143670691522
121,util,0.20594382099807262,0.05017101156160741
122,util,0.19278690613806249,0.045726776343920486
123,util,0.19720003351569176,0.0449649811888674
124,util,0.20214771673083307,0.04779746457712474
125,util,0.19043397918343544,0.04691687491667824
126,util,0.2007541051506996,0.052057649183354725
127,util,0.20195983223617076,0.05485669921463179
128,util,0.1958046592772007,0.05329955181836362
129,util,0.20171836495399476,0.05571128900191244
130,util,0.19834572255611418,0.05539562995765369
131,util,0.1902853737771511,0.05582009922019852
132,util,0.19898886889219283,0.051123263388096446
133,util,0.19827237069606782,0.053096684529350346
134,util,0.2058235761523247,0.05960992596227403
135,util,0.19200022093951702,0.06165218988445732
136,util,0.1947847494482994,0.062304278550057664
137,util,0.19481365785002708,0.06615000434105538
138,util,0.19589321359992026,0.06468074419426907
139,util,0.19828481219708918,0.062084775245999736
140,util,0.20116193346679212,0.05731595635724517
141,util,0.190921738371253,0.06618306538961248
142,util,0.1909918598458171,0.062258827582776725
143,util,0.19958275638520717,0.07205461663781056
144,util,0.20474228784441947,0.06264098742971919
145,util,0.20123240541666745,0.06855101378955081
146,util,0.18667141035199164,0.05984463032331997
147,util,0.19886275604367257,0.06421240441157373
148,util,0.19640312142670155,0.06767518848404826
149,util,0.19570641793310642,0.06270018078208854
150,util,0.2121842499822378,0.06600560082398237
151,util,0.2004696661233902,0.05674985602520192
152,util,0.1982156044244766,0.06161647587512023
153,util,0.19982669554650784,0.06155185137842256
154,util,0.20197138287127017,0.06303949731101209
155,util,0.20480914205312728,0.05942148808117211
156,util,0.20811033204197885,0.0709682242357562
157,util,0.20542712084949016,0.0612539865537383
158,util,0.20469956420361995,0.05811296713327454
159,util,0.1951329879835248,0.06586515956172313
160,util,0.20650942854583262,0.07311004890686837
161,util,0.20071751303970814,0.05708512763181379
162,util,0.21552268866449595,0.06725597593260058
163,util,0.21063931047916412,0.06452705641136362
164,util,0.20545650694519282,0.06605432321707011
165,util,0.20609832540154457,0.06210071618559052
166,util,0.21348480738699435,0.06810479198390294
167,util,0.20263466242700814,0.058569588542883834
168,util,0.20809972312301397,0.07193048392563266
169,util,0.20744932785630227,0.06379125004756327
170,util,0.20769218154251576,0.06147154044270212
171,util,0.21111045271158219,0.0722064776421002
172,util,0.21394347727298738,0.06451604552674287
173,util,0.21148335494101048,0.06567966459773067
174,util,0.21458737138658762,0.07508131059005395
175,util,0.21699129052460195,0.05985309214422633
176,util,0.2167741981893778,0.05772479119170113
177,util,0.2099765232950449,0.06226156490774714
178,util,0.2174225827306509,0.06297693934663072
179,util,0.21297705471515654,0.06454614444267545
180,util,0.20251560427248477,0.06142515619229324
181,util,0.21248373843729496,0.0605154818633162
182,util,0.20646055959165097,0.05552374779663202
183,util,0.22230709731578827,0.06638701432761161
184,util,0.2132332606613636,0.06186596264976503
185,util,0.21042900398373604,0.049385231641048806
186,util,0.22158795900642872,0.06137955106683033
187,util,0.22048370279371737,0.06018216558034304
188,util,0.20833934046328068,0.06768626678911827
189,util,0.223494585826993,0.0564309638166526
190,util,0.21625919330865145,0.06253559584506889
191,util,0.23010649971663952,0.06815453274365034
192,util,0.2224971403926611,0.05333355975386414
193,util,0.21598369523882865,0.06626497465700211
194,util,0.22496967025101186,0.048369739527194824
195,util,0.22452693730592727,0.059817948588320756
196,util,0.2241167601943016,0.04964866032085609
197,util,0.22441584564745426,0.04982040691078182
198,util,0.23051795363426208,0.06099057047510013
199,util,0.2283633441478014,0.0556705177517521
200,util,0.22441407956182957,0.05506269648951845
201,util,0.22098566003143788,0.047923047278844715
202,util,0.2211211034655571,0.053275703457476155
203,util,0.21688866384327413,0.045754806321386364
204,util,0.2248550496250391,0.05512229139713531
205,util,0.22211149550974368,0.05378296393426758
206,util,0.22509458728134632,0.05020031037458828
207,util,0.22126607201993465,0.05107814235838035
208,util,0.22144129060208798,0.0534024145973697
209,util,0.22828148573637008,0.049934284570684245
210,util,0.23089184999465942,0.0453387364183753
211,util,0.22355072498321532,0.03864062900914025
212,util,0.2204815361648798,0.050702331041181804
213,util,0.232702409401536,0.06255576513416151
214,util,0.22060382507741452,0.047174594232802985
215,util,0.23152707844972611,0.049379694452674996
216,util,0.22370259016752242,0.04859259272765812
217,util,0.22207039438188075,0.04490309979817031
218,util,0.22737023264169692,0.04581128526478324
219,util,0.2306922309845686,0.04585058496524605
220,util,0.22990969836711883,0.04619648377920177
221,util,0.2290668761730194,0.04067209593679167
222,util,0.23347713135182857,0.04649327656470851
223,util,0.225625431984663,0.03991202922899977
224,util,0.22714387714862824,0.04252782019499884
225,util,0.22451925046741963,0.04712356952205898
226,util,0.2265648666024208,0.034373269668403136
227,util,0.23062938027083874,0.044886713620765205
228,util,0.23593643613159657,0.05524208058288858
229,util,0.23260694712400437,0.04491616490992659
230,util,0.22755697205662728,0.03856244521513883
231,util,0.2264633883535862,0.04099497367557058
232,util,0.23279641211032867,0.03780949704672244
233,util,0.2292235751450062,0.04999588835872545
234,util,0.2366980117559433,0.041565099835107054
235,util,0.23001538030803204,0.0472853937912466
236,util,0.2367293467372656,0.04891029756579945
237,util,0.23476059176027775,0.04726376371633686
238,util,0.2355889178812504,0.040736205652776185
239,util,0.23444909237325193,0.04754811322052219
240,util,0.22957491733133792,0.04160025212866597
241,util,0.23689963445067405,0.035913537896773644
242,util,0.23969772160053254,0.04265703120375818
243,util,0.23878817662596702,0.03667402720400978
244,util,0.23632916629314424,0.04822609934383414
245,util,0.24094524636864662,0.046318070446614616
246,util,0.2292925961315632,0.03649195011215664
247,util,0.23215743497014046,0.036371444967583
248,util,0.23440266221761705,0.04311597676571672
249,util,0.23630293779075145,0.04255531960426837
250,util,0.23353811115026474,0.03630054581955688
251,util,0.23269549913704396,0.042858956671755495
252,util,0.2381259995698929,0.035212684806554435
253,util,0.2397213600575924,0.03548702053542986
254,util,0.24117242246866227,0.03685239863786244
255,util,0.23743502020835877,0.03189014069821746
256,util,0.24054521054029465,0.03795146382989175
257,util,0.24300974875688552,0.040765873227763656
258,util,0.23758244290947914,0.035107740591521414
259,util,0.2372259369492531,0.027473319545652346
260,util,0.22742286965250968,0.03131683644384416
261,util,0.2490767627954483,0.038652166712299145
262,util,0.23822097383439542,0.04188920998070848
263,util,0.24253722354769708,0.03640086220078191
264,util,0.24242550939321517,0.03878666238867026
265,util,0.2425138108432293,0.036701583538422344
266,util,0.23637984037399293,0.03195540646432199
267,util,0.23473672509193422,0.031580713075737794
268,util,0.23878989309072496,0.033115474910284076
269,util,0.24103084653615953,0.027062372458518134
270,util,0.2405392609536648,0.03183881710387432
271,util,0.24178243845701217,0.02842542974304209
272,util,0.23890894912183286,0.04135707773636422
273,util,0.24005395263433457,0.034153553021564344
274,util,0.23922434702515602,0.03290239952865979
275,util,0.24264054492115975,0.026349598032825255
276,util,0.23718543589115143,0.029090857453528154
277,util,0.24230563879013062,0.02528993299078437
278,util,0.24380822524428367,0.03461654223772296
279,util,0.23907752856612205,0.028407671043462868
280,util,0.25230090990662574,0.03102691740205655
281,util,0.24341702625155448,0.032216860966017995
282,util,0.23728045716881752,0.030657029448525885
283,util,0.24215347982943058,0.0344199877414149
284,util,0.25052624866366385,0.03255155300404323
285,util,0.24004532322287558,0.02788136400070202
286,util,0.24072593152523042,0.034895848949227655
287,util,0.24467390552163124,0.029807725319626548
288,util,0.24409459695219993,0.030265911411140035
289,util,0.24252482041716575,0.02528905589066191
290,util,0.24094467461109162,0.02676473525313156
291,util,0.2409544514119625,0.028220971705292267
292,util,0.2504830013215542,0.0363075184279957
293,util,0.24638525471091272,0.029873996120990794
294,util,0.2421906018257141,0.028541205447043003
295,util,0.2457319712638855,0.03116988261973513
296,util,0.2438092277944088,0.030189198781435778
297,util,0.24201589673757554,0.028351439078238255
298,util,0.2441546581685543,0.02271550478952471
299,util,0.24243176937103272,0.02972331765121588
300,util,0.2432664580643177,0.027457167432069024
301,util,0.24376783579587935,0.030837847113937614
302,util,0.2449965962767601,0.03078842286924206
303,util,0.2410084892809391,0.026286655155420058
304,util,0.24476866953074933,0.02957071628658347
305,util,0.24774790689349174,0.026667641441223022
306,util,0.24520522400736808,0.027479499065540536
307,util,0.24136456295847894,0.023968377160910104
308,util,0.24484528228640556,0.026908893595284835
309,util,0.2479429505765438,0.027154716965735962
310,util,0.24432900831103324,0.02855560001761453
311,util,0.25150144085288045,0.028428665952195887
312,util,0.24520059019327164,0.0247864357518027
313,util,0.24149512395262718,0.025307173889428172
314,util,0.24770750373601913,0.026774660253899643
315,util,0.24724763467907906,0.028544933527250044
316,util,0.24378971189260482,0.024420562196980838
317,util,0.24551916971802712,0.025809399245960728
318,util,0.24531206920742987,0.01923165854357623
319,util,0.23982037529349326,0.024909115611625857
320,util,0.24565804541110992,0.023356995458056824
321,util,0.24267028123140336,0.02753362401426426
322,util,0.24590909287333487,0.022176513862808826
323,util,0.24740018770098687,0.02442108665414575
324,util,0.24405484437942504,0.02587542286403841
325,util,0.24618985921144484,0.026745824210295845
326,util,0.247713340818882,0.023494182625620787
327,util,0.24744671374559402,0.02317875465279829
328,util,0.24680913969874382,0.024547933549876246
329,util,0.24564807757735252,0.025262583370759394
330,util,0.24959225445985794,0.024963627208382556
331,util,0.24465469062328338,0.026616240227927215
332,util,0.2475357821583748,0.027211417979567262
333,util,0.24849697709083557,0.02532038212371302
334,util,0.24582032054662706,0.022884593362751168
335,util,0.24434631645679475,0.02678567886747647
336,util,0.2462035073339939,0.036838337088051294
337,util,0.2496000698208809,0.026539101912520853
338,util,0.24815789774060248,0.029702332728194055
339,util,0.24585301592946052,0.025612231123823947
340,util,0.24799515038728714,0.024738701267025064
341,util,0.24967950746417045,0.024166278430095875
342,util,0.2457533523440361,0.01745345884187486
343,util,0.24976148769259454,0.02227931049431358
344,util,0.24535741463303565,0.025594446329404306
345,util,0.2510329073667526,0.023679650917221084
346,util,0.2472361347079277,0.0208733982426187
347,util,0.24577157512307168,0.022269752292458304
348,util,0.24570992037653924,0.01964230033367794
349,util,0.24904701396822929,0.019422718309056314
350,util,0.2510663235187531,0.025922044068982207
351,util,0.2487202824652195,0.02215877916526161
352,util,0.25084278613328936,0.020393887873878525
353,util,0.24866729825735093,0.017944419050203154
354,util,0.24678212478756906,0.02313281089956486
355,util,0.25039410427212716,0.021368288245844105
356,util,0.25164379239082335,0.022094289295989132
357,util,0.24732231438159943,0.021496178266054947
358,util,0.24570470333099365,0.018416562297942977
359,util,0.2444261886179447,0.016878049426429897
360,util,0.2483318917453289,0.017114838130035823
361,util,0.24905434608459473,0.019802810585301447
362,util,0.24514718547463418,0.017927607864013883
363,util,0.2480783635377884,0.019632784734623775
364,util,0.2444635546207428,0.01897381191497847
365,util,0.24566290766000748,0.022452349031878118
366,util,0.2483264297246933,0.02152242179936938
367,util,0.2528012427687645,0.020968667942721148
368,util,0.24992518082261087,0.023236489373253892
369,util,0.24732427254319192,0.01737390464090776
370,util,0.2486262086033821,0.021937988271687584
371,util,0.24546947672963143,0.01943683134562411
372,util,0.25061769515275956,0.02489744528817954
373,util,0.25053779006004334,0.01886307929027201
374,util,0.25457225054502486,0.021019576048297225
375,util,0.25022305592894556,0.024519041028091416
376,util,0.2515708738565445,0.025094800184246622
377,util,0.24782922565937043,0.017747354032843086
378,util,0.24793439269065856,0.017410413131713296
379,util,0.24825596421957016,0.023162710528169757
380,util,0.25241669788956644,0.022804235608657363
381,util,0.24951289772987365,0.02084707319282235
382,util,0.24855866640806198,0.02335856971116042
383,util,0.25056363075971605,0.02184651787854482
384,util,0.247406005859375,0.01719953364982394
385,util,0.24798819914460182,0.023453466687686313
386,util,0.24962930694222452,0.017757116232687106
387,util,0.25348525509238246,0.02414098704760855
388,util,0.248188559114933,0.02351360214088293
389,util,0.24846780493855478,0.018587586457084148
390,util,0.2509478829801083,0.01832368804266839
391,util,0.24766048446297645,0.01985993335074351
392,util,0.25006979644298555,0.021472075533014487
393,util,0.2538769546151161,0.024829296983203266
394,util,0.249313333183527,0.02321909743046239
395,util,0.2498771257698536,0.02091789835150157
396,util,0.25079512923955916,0.02763072336169416
397,util,0.24856428921222687,0.023626271390624645
398,util,0.25700328007340434,0.027374173639594247
399,util,0.24732646495103836,0.017365546466193173
400,util,0.2491651691496372,0.03025762906749361
401,util,0.2510532683134079,0.017795675797510544
402,util,0.25348510578274724,0.019591422793099538
403,util,0.2509800320863724,0.021871389352276137
404,util,0.2503457409143448,0.027646716682223724
405,util,0.2485618518292904,0.018195503070167422
406,util,0.2565413051843643,0.024612189312015628
407,util,0.24746063157916068,0.02279906404637253
408,util,0.25492595463991163,0.026652035239718406
409,util,0.2523863530158997,0.024700478222239235
410,util,0.25057830855250357,0.020052275617058364
411,util,0.2489504887163639,0.023029784104775807
412,util,0.25028024807572363,0.02087099354616377
413,util,0.25216136932373046,0.018166783909179248
414,util,0.25064043313264844,0.021094949133079757
415,util,0.2491942612826824,0.016885599248461617
416,util,0.24693727627396583,0.021243271047557858
417,util,0.25153570115566254,0.022895364117111978
418,util,0.2478835454583168,0.018815693210893557
419,util,0.249334247559309,0.01661981478060768
420,util,0.25006182968616486,0.019846343236129865
421,util,0.2521757769584656,0.01397201572998239
422,util,0.253639480471611,0.02256751636745346
423,util,0.24815827772021293,0.016116313576947604
424,util,0.2530811883509159,0.019464113373890007
425,util,0.25135993599891665,0.02169538916191128
426,util,0.25089776903390887,0.017073569786771936
427,util,0.250708592236042,0.013663083237662082
428,util,0.2522617955505848,0.016831827924783403
429,util,0.2504978772997856,0.01176234269146443
430,util,0.2501219238340855,0.019183715378988574
431,util,0.25001552000641825,0.016005528078808673
432,util,0.25215562239289285,0.020029603930249756
433,util,0.24995052605867385,0.014207400476355403
434,util,0.25157552883028983,0.021236635321511252
435,util,0.25204820290207863,0.02171142676553265
436,util,0.25200365513563155,0.015449281133684326
437,util,0.2505710482597351,0.01703788380224333
438,util,0.25612028673291204,0.024578082215539723
439,util,0.24976644471287726,0.020707139710081264
440,util,0.2520450861752033,0.019163949786461968
441,util,0.25317159101367,0.017181905741308567
442,util,0.25243832990527154,0.020247251792301173
443,util,0.2510408328473568,0.02649067578496359
444,util,0.2515650011599064,0.01944277570250821
445,util,0.25040852680802345,0.016917702623225415
446,util,0.24913738504052163,0.01966714341114947
447,util,0.2518113388121128,0.01836175432540771
448,util,0.25266057312488555,0.019008308992842792
449,util,0.25027292847633364,0.019498304619627618
450,util,0.24957850724458694,0.017615057009912602
451,util,0.2517322139441967,0.0244877085610738
452,util,0.24863733738660812,0.01940715193852228
453,util,0.24925877794623374,0.014401564876253074
454,util,0.25039227336645126,0.015123829699041868
455,util,0.2513349206745625,0.016756908485496984
456,util,0.24921755239367485,0.016940111002710194
457,util,0.2533042785525322,0.01719617044830099
458,util,0.2539169277250767,0.023467199120135555
459,util,0.2529583291709423,0.015040562615781048
460,util,0.24817931950092315,0.015137881142621448
461,util,0.25293385699391363,0.01326801133781163
462,util,0.25363218382000924,0.02065819224027736
463,util,0.24982456743717193,0.017236399028331933
464,util,0.25128179356455804,0.02723005973164803
465,util,0.25102545008063315,0.021876193397730337
466,util,0.24705984696745872,0.017509622935573576
467,util,0.2481088362634182,0.018441217984677735
468,util,0.24812491834163666,0.018028945948124216
469,util,0.2533157907426357,0.020850071675917112
470,util,0.25131516486406325,0.018912741857889423
471,util,0.2502887746691704,0.020039427769186664
472,util,0.2541580457985401,0.020827846667764334
473,util,0.2529915487766266,0.018945278790639262
474,util,0.2520689907670021,0.016815625429795353
475,util,0.2525766758620739,0.018885166630536087
476,util,0.2498907631635666,0.01791714654755237
477,util,0.2513721039891243,0.027293435685647415
478,util,0.255802069157362,0.026660277419594078
479,util,0.25269259735941885,0.02495051180221987
480,util,0.24775470092892646,0.021701727774883144
481,util,0.253019403219223,0.0215509700643283
482,util,0.2513628761470318,0.02132669150718486
483,util,0.25201877295970915,0.022817932499928497
484,util,0.25180694565176964,0.021744941067642635
485,util,0.25046477034688,0.015211020217837865
486,util,0.25245283901691434,0.019127742688525077
487,util,0.2542430438101292,0.022769319912377455
488,util,0.25133317574858666,0.02173704384402034
489,util,0.2562737715244293,0.029649275290492803
490,util,0.25243913620710373,0.021781097166867637
491,util,0.25278306886553764,0.021094916971091716
492,util,0.2542305605113506,0.023181275355994707
493,util,0.2511421273648739,0.01564121284112283
494,util,0.25265146031975744,0.0163059698159773
495,util,0.2541363649070263,0.023467753236531885
496,util,0.2546232612431049,0.023772756460442808
497,util,0.2509201446175575,0.0224057857786127
498,util,0.25305268496274946,0.018163678524982116
499,util,0.2519570158421993,0.01865697512005726
500,util,0.2517468738555908,0.017143078438979137
501,util,0.24979465305805207,0.018901561445322644
502,util,0.2521155123412609,0.01857416068686537
503,util,0.25063419342041016,0.02076918633310108
504,util,0.253114315867424,0.016930110281667774
505,util,0.2505719037353992,0.017162223727265204
506,util,0.2513835707306862,0.01862654624725845
507,util,0.2500811865925789,0.023975138768470017
508,util,0.24962606146931648,0.01357663456861418
509,util,0.2530127042531967,0.018191157326725733
510,util,0.25138003438711165,0.01653871042117559
511,util,0.2532082141935825,0.02451591070020087
512,util,0.2516844657063484,0.018369108620027618
513,util,0.24944174349308013,0.01911854558068885
514,util,0.2511293011903763,0.01681706479998014
515,util,0.25290747717022893,0.01976708061572638
516,util,0.24956871688365936,0.015255920527355277
517,util,0.25586885049939156,0.02360019711725377
518,util,0.2501690065860748,0.02264836865995798
519,util,0.2505804106593132,0.017836006783347028
520,util,0.25378919929265975,0.019798523813431716
521,util,0.25218046724796295,0.01589439277102349
522,util,0.2524697224795818,0.02336875670396921
523,util,0.24877939730882645,0.01858775035371501
524,util,0.25743495985865594,0.028404462823042546
525,util,0.25349542155861854,0.018760798056820648
526,util,0.2503586453199387,0.017616282855286255
527,util,0.25318690687417983,0.017040177337066253
528,util,0.24933886736631394,0.020516574779721915
529,util,0.25127374440431594,0.019200725286844997
530,util,0.25625268593430517,0.029690617387393398
531,util,0.2550675967335701,0.021770382176461225
532,util,0.25227000057697296,0.01972021059148143
533,util,0.24723177820444106,0.015039122069072685
534,util,0.2535109560191631,0.02113904140304857
535,util,0.24869096770882607,0.017906571030956595
536,util,0.25108516320586205,0.01763706725520314
537,util,0.2550902615487576,0.024099701436221276
538,util,0.2497466929256916,0.022522831804535674
539,util,0.25521480828523635,0.025107128056626137
540,util,0.25107713624835015,0.025333078872204776
541,util,0.2536777174472809,0.020500787052432187
542,util,0.2520695394277573,0.018416852542981078
543,util,0.25102909326553347,0.022762328175509373
544,util,0.25322577089071274,0.019204264138757594
545,util,0.25415210276842115,0.014891423911695373
546,util,0.2574977101385593,0.029187301837273593
547,util,0.25245013400912286,0.01971000772928761
548,util,0.25390935033559797,0.021418311491251587
549,util,0.25078123703598976,0.017076339499830562
550,util,0.2493736129999161,0.016660678905622825
551,util,0.24975126057863237,0.012888137753371703
552,util,0.24950703367590904,0.011033737610759353
553,util,0.25139128416776657,0.02096561023632184
554,util,0.25318989127874375,0.02339631324952038
555,util,0.25065264239907264,0.014436000910244736
556,util,0.25041961401700974,0.020361093148366115
557,util,0.25103929251432416,0.014684909082441263
558,util,0.25399470299482346,0.02347317097746316
559,util,0.24975063145160675,0.014773142227976311
560,util,0.2506565757095814,0.015205169814158039
561,util,0.25156194269657134,0.023350124078056866
562,util,0.25161223351955414,0.015575836877139346
563,util,0.24882778093218805,0.016237392039220037
564,util,0.2518596364557743,0.02120725221050936
565,util,0.25177778244018556,0.021408696776250992
566,util,0.2495906525850296,0.019170978350772853
567,util,0.25183626294136047,0.01518733191058933
568,util,0.2526914629340172,0.02061929729313859
569,util,0.25308758616447447,0.017175555096867832
570,util,0.24789192780852318,0.016825235036831497
571,util,0.25548425808548925,0.020848773082164554
572,util,0.25163947910070417,0.0204365725316758
573,util,0.2547037768363953,0.02273010682104333
574,util,0.2530927509069443,0.01906613119242487
575,util,0.25153991088271144,0.019444118567349383
576,util,0.2552458707988262,0.019079068408571893
577,util,0.2518323780596256,0.020153761932654425
578,util,0.2517675080895424,0.015593733832468678
579,util,0.25029981657862665,0.018430201504271555
580,util,0.2533890287578106,0.02999789665156682
581,util,0.2521976201236248,0.019926823905701756
582,util,0.25094486445188524,0.01746334108883206
583,util,0.2510850155353546,0.01727985529520623
584,util,0.2511889007687569,0.019719437241657936
585,util,0.25047051772475243,0.017279004332297607
586,util,0.2531503404676914,0.019624995303282742
587,util,0.2558726827800274,0.02002140331982027
588,util,0.2531622612476349,0.02259268271715589
589,util,0.2496289886534214,0.017025952237755004
590,util,0.24964879527688028,0.017902745655953442
591,util,0.25231472760438917,0.019629960706711826
592,util,0.25185724258422854,0.018705359380071937
593,util,0.2529203651845455,0.01863402287342854
594,util,0.2523939433693886,0.02079235991051709
595,util,0.24755140796303748,0.01683099770815663
596,util,0.2545102608203888,0.016637418016616588
597,util,0.2528471699357033,0.018339653042097157
598,util,0.253899362385273,0.0257889069683623
599,util,0.2510440865159035,0.015416106992830485
600,util,0.2546314837038517,0.014143349833944536
601,util,0.25076238080859187,0.01842485630953165
602,util,0.24831390500068665,0.01515562500073322
603,util,0.2539467793703079,0.02243842441654838
604,util,0.25060616120696066,0.020747705391933633
605,util,0.2500892987847328,0.01850123669433371
606,util,0.25223924800753594,0.021427838903906673
607,util,0.2477125984430313,0.01744898084639403
608,util,0.2514621831476688,0.017684811515416083
609,util,0.25228515684604647,0.01782807240603844
610,util,0.24893473744392394,0.014264594410760462
611,util,0.25303750693798066,0.023414125397691738
612,util,0.2538670466840267,0.019792992480527828
613,util,0.2515061219036579,0.01790826881007901
614,util,0.2545302996039391,0.02028175045908552
615,util,0.2529458174109459,0.021135142008540293
616,util,0.25230265691876413,0.012538435145691352
617,util,0.25068706899881366,0.020818443112384472
618,util,0.2508444519340992,0.02024200165785933
619,util,0.2506361062824726,0.014403792169339924
620,util,0.2505998735129833,0.016126925911185502
621,util,0.25297800824046135,0.019431345427102745
622,util,0.25416851952672004,0.018405780865607086
623,util,0.25077762246131896,0.01590671527686906
624,util,0.25221764951944353,0.01582816075518936
625,util,0.2525609816610813,0.014105473533927534
626,util,0.2518183699250221,0.018644311552943535
627,util,0.25168649971485135,0.02088531118931096
628,util,0.250970883667469,0.01267124003892189
629,util,0.2515601655840874,0.013912260628526688
630,util,0.25103776320815085,0.01803324686470301
631,util,0.2521160428225994,0.01609100463166552
632,util,0.25142557218670847,0.018892584215767616
633,util,0.25061500191688535,0.015230150550055766
634,util,0.2518795500695705,0.015095238424207118
635,util,0.2507676669955254,0.017221039169195325
636,util,0.254606990814209,0.020797713370916134
637,util,0.24928377613425254,0.015338807484411798
638,util,0.25238956123590467,0.02313976244475567
639,util,0.2524830888211727,0.016393681841717783
640,util,0.24872009828686714,0.02207338360736402
641,util,0.2505181123316288,0.0196413549572334
642,util,0.25166689440608025,0.016995718581611138
643,util,0.2527240592241287,0.023367813228871805
644,util,0.2517857290804386,0.01838525724405775
645,util,0.25659928292036055,0.019439105535469393
646,util,0.2506937782466412,0.01917513321166515
647,util,0.25342280909419057,0.020932092597039396
648,util,0.2519314567744732,0.01870243086616384
649,util,0.25389264851808546,0.020477516227185487
650,util,0.25116100564599037,0.016139719885995475
651,util,0.2521330605447292,0.013266644872261587
652,util,0.25353963747620584,0.01997840618494899
653,util,0.2516008748114109,0.022618834547868727
654,util,0.25524691104888914,0.019058855341097043
655,util,0.25345850735902786,0.020464690064249107
656,util,0.2530375473201275,0.01713611644965463
657,util,0.2556242427229881,0.022809757679405112
658,util,0.25262573376297953,0.018394015090536592
659,util,0.2515926955640316,0.016059966768461404
660,util,0.25219574093818664,0.014106123795622622
661,util,0.2513683623075485,0.01891135096171508
662,util,0.25296404093503955,0.016313905272923954
663,util,0.2526893165707588,0.02173888177585467
664,util,0.2541873675584793,0.015208614156760046
665,util,0.2518179704248905,0.020646572253076763
666,util,0.25234001576900483,0.01582637511034678
667,util,0.25191654726862905,0.013233900681094651
668,util,0.2522094276547432,0.017828642654920613
669,util,0.2526966588199139,0.01317246029269154
670,util,0.2486964651942253,0.013043873974122981
671,util,0.2517785467207432,0.014148989717510737
672,util,0.25153114944696425,0.015128304945761877
673,util,0.25092413246631623,0.014498562752042105
674,util,0.24916698053479194,0.013197065802540478
675,util,0.25163176730275155,0.01760706458181114
676,util,0.2503660348057747,0.016379768441133376
677,util,0.2548635859787464,0.018076332304907856
678,util,0.25146602869033813,0.021061023769708906
679,util,0.24908598333597184,0.01527898656491263
680,util,0.2516191844642162,0.019140392282795224
681,util,0.25159394145011904,0.019055129527380244
682,util,0.25212417155504224,0.01925759096835808
683,util,0.2561597639322281,0.0189483152858929
684,util,0.2547958287596703,0.024661078284769412
685,util,0.25324594527482985,0.029356213906667712
686,util,0.25011788442730903,0.01630300578938446
687,util,0.2538189269602299,0.02187881704114912
688,util,0.2518655677139759,0.0193743902870566
689,util,0.2520677815377712,0.021888819037483173
690,util,0.25046350061893463,0.016711757994616695
691,util,0.25112742036581037,0.021533369758656454
692,util,0.25019356548786165,0.02193598554429049
693,util,0.25157446548342705,0.018838333701819625
694,util,0.2523118920624256,0.01746508916787168
695,util,0.25608787283301354,0.017879091172336204
696,util,0.2508606791496277,0.019727611434362243
697,util,0.25423326045274736,0.020534394761720413
698,util,0.25190277203917505,0.01979748538711312
699,util,0.2495730711519718,0.01779452905361389
700,util,0.25337054803967474,0.01870788564426216
701,util,0.2551727379858494,0.02059261635454155
702,util,0.25122980192303657,0.02180342149948241
703,util,0.2517199693620205,0.019861314160108924
704,util,0.25483404099941254,0.02044453728471977
705,util,0.25476490452885625,0.018393283008818206
706,util,0.25284001529216765,0.017664900505019728
707,util,0.2512721222639084,0.01587665456157036
708,util,0.25283924281597137,0.018175080005130816
709,util,0.2521159191429615,0.02080048885705696
710,util,0.2505407591164112,0.0144558468743273
711,util,0.25136674612760546,0.018724268589927515
712,util,0.2530754041671753,0.018914773856132695
713,util,0.2510021165013313,0.01601248922482402
714,util,0.25111766457557677,0.018873722324292887
715,util,0.2535797415673733,0.015740970369172422
716,util,0.24874410882592202,0.01821318927167658
717,util,0.24890341475605965,0.019546394232727058
718,util,0.2507926213741303,0.016081580801203397
719,util,0.2531635871529579,0.015462124600615194
720,util,0.25294863641262055,0.02057540952406684
721,util,0.2532215802371502,0.020271831843036887
722,util,0.24864155426621437,0.01638379670504758
723,util,0.25223992466926576,0.013306655691996485
724,util,0.2501989439129829,0.0194308192136322
725,util,0.25344306111335757,0.015209137774638894
726,util,0.2565385055541992,0.022888557187290184
727,util,0.25240909978747367,0.016082404634976986
728,util,0.2517462766170502,0.018221122339850317
729,util,0.25175969913601876,0.02173198300917584
730,util,0.2523662279546261,0.017275438249443897
731,util,0.2513156042993069,0.020257978416567783
732,util,0.25219531267881395,0.021467777158235016
733,util,0.2524376529455185,0.020342109579788763
734,util,0.24999235272407533,0.017204818927269442
735,util,0.2541321010887623,0.01707916958260129
736,util,0.2502815735340118,0.018114309268947415
737,util,0.25488678708672524,0.025283796069133262
738,util,0.25228590086102487,0.019122981652836823
739,util,0.25195555210113524,0.020707694028678385
740,util,0.2507142762839794,0.01791624340492469
741,util,0.2534118355810642,0.01848626429866402
742,util,0.2513826698064804,0.015799965719382813
743,util,0.2530371893942356,0.01593560832212214
744,util,0.2523162503540516,0.018232015303574236
745,util,0.25503810852766035,0.01860258569488012
746,util,0.2520204298198223,0.016596541556415174
747,util,0.25263295277953146,0.018585562945449104
748,util,0.2524108271300793,0.021797965723246396
749,util,0.2544464936852455,0.01854550253230125
750,util,0.252275779992342,0.01563537331732948
751,util,0.25164451852440833,0.015941613509147978
752,util,0.2529240711033344,0.016776954256596886
753,util,0.24846900671720504,0.015393330952218563
754,util,0.2526301693916321,0.02047288900240612
755,util,0.24956304639577864,0.014744519502053443
756,util,0.25303010374307633,0.022648496582032083
757,util,0.256384756565094,0.019885196174362636
758,util,0.25364997863769534,0.01822408137335646
759,util,0.253340213149786,0.01959680373573985
760,util,0.25350069388747215,0.017433948107413236
761,util,0.25322994485497474,0.020246035157047152
762,util,0.25254255428910255,0.019469665220625102
763,util,0.2505356466770172,0.018644432063894698
764,util,0.2517112177610397,0.015849135627797342
765,util,0.2534819120168686,0.01686579755609978
766,util,0.2506822057068348,0.013970608360120615
767,util,0.24950454875826836,0.015241190544778594
768,util,0.2526117552816868,0.017375517468019866
769,util,0.25210987254977224,0.014303423011421205
770,util,0.25311153650283813,0.02342073530793439
771,util,0.25377351939678194,0.020678156552715623
772,util,0.24923814341425896,0.011947460046135084
773,util,0.2538478507101536,0.025053710606093103
774,util,0.24553577676415445,0.015094512557761562
775,util,0.2541724182665348,0.019651597169492982
776,util,0.25301291674375537,0.025946481909533692
777,util,0.24843104153871537,0.019413985276476895
778,util,0.25004731088876725,0.021937636838867246
779,util,0.2548314969241619,0.019952227080157325
780,util,0.2517693583667278,0.02033508804864612
781,util,0.2525746916234493,0.01610737468874528
782,util,0.25135495007038117,0.017782039324317822
783,util,0.2526056794822216,0.018757999555863002
784,util,0.2521251797676086,0.02182021203720197
785,util,0.25118876844644544,0.02051834300630448
786,util,0.2516039952635765,0.023268855795546384
787,util,0.25669593855738637,0.024609611807554187
788,util,0.2489122562110424,0.01724170968205805
789,util,0.2540134087204933,0.02074693603361114
790,util,0.2492147383093834,0.020959391023262525
791,util,0.25198225378990174,0.023313035003245698
792,util,0.2496209268271923,0.018301036288720565
793,util,0.2501705281436443,0.015558709398549723
794,util,0.2514850662648678,0.020286577929533766
795,util,0.25359581112861634,0.021517558831924136
796,util,0.2551740489900112,0.02273180071624134
797,util,0.25322625547647476,0.022509709462125146
798,util,0.24966040432453154,0.014769640027160035
799,util,0.2519493965804577,0.020982122520212157
800,util,0.2547814854979515,0.023666741599102956
801,util,0.2531478254497051,0.02370152193190536
802,util,0.2510074108839035,0.01872326092074682
803,util,0.25272788122296336,0.024580879800710245
804,util,0.2515262103080749,0.017978028047497804
805,util,0.25109267577528954,0.01845536246363753
806,util,0.25286624595522883,0.017084739432380452
807,util,0.2528573614358902,0.023257120938243187
808,util,0.25325112357735635,0.020390994401738048
809,util,0.25036933362483976,0.019903463913309934
810,util,0.2544176582992077,0.024802576711272017
811,util,0.2520205418765545,0.017591455080770122
812,util,0.255997272580862,0.01937525201483692
813,util,0.24974667578935622,0.01822262373835158
814,util,0.25540657237172126,0.020235585559566616
815,util,0.25083774551749227,0.016132650639480876
816,util,0.24988878697156905,0.01333117972439968
817,util,0.24990885138511656,0.021678874621189215
818,util,0.2518047595024109,0.01767357152707012
819,util,0.2524657769501209,0.018260212379528566
820,util,0.2530371023714542,0.023200541044897948
821,util,0.25158315286040306,0.020986512283172575
822,util,0.2506012284755707,0.022752027705014475
823,util,0.2496839717030525,0.017970535836750637
824,util,0.2552739872038364,0.028499367153052176
825,util,0.2527668358385563,0.016152779644813455
826,util,0.25176447749137876,0.01780131850660888
827,util,0.2502197344601154,0.01668990083269056
828,util,0.2513561701774597,0.020641180757735644
829,util,0.2501628988981247,0.021414388714649697
830,util,0.2561939561367035,0.021745440715113692
831,util,0.2537385101616383,0.020514729430260354
832,util,0.2539273712038994,0.023607274667110885
833,util,0.24904238566756248,0.017828414430212648
834,util,0.2579213887453079,0.023192766998384438
835,util,0.25041176229715345,0.02062390518293349
836,util,0.2533734798431396,0.02154965797439914
837,util,0.2500069873034954,0.01720216025575002
838,util,0.25560426160693167,0.020615494396154028
839,util,0.2507800471782684,0.016284412659338252
840,util,0.2528339198231697,0.014880819174399111
841,util,0.25325093016028405,0.013847373040923469
842,util,0.25041512712836267,0.021228501221291825
843,util,0.2498562851548195,0.018649628524275607
844,util,0.2536769504845142,0.01625183656532219
845,util,0.2525357760488987,0.01980580157974807
846,util,0.25344431966543196,0.019830062911916614
847,util,0.25368613421916963,0.021905659905124476
848,util,0.25119721293449404,0.017255608040147457
849,util,0.25027923434972765,0.0156805789732656
850,util,0.25224485486745835,0.01672156832052679
851,util,0.2526590597629547,0.01637286134946127
852,util,0.25119261533021925,0.018684161458782413
853,util,0.2523084461688995,0.018095896424320104
854,util,0.252085525393486,0.01811358477062375
855,util,0.2523291876912117,0.0179923023811231
856,util,0.25099449038505556,0.016546096364342743
857,util,0.2528723806142807,0.017570565135736356
858,util,0.25391089022159574,0.018978645535171736
859,util,0.25401754781603814,0.017672729041113333
860,util,0.2539889506995678,0.01454653422000412
861,util,0.2511570267379284,0.020280376539984612
862,util,0.2514285868406296,0.01399490504696718
863,util,0.2500236317515373,0.020401301285600186
864,util,0.2522831963002682,0.016428802377293147
865,util,0.2543362618982792,0.0192437074927242
866,util,0.2554691758751869,0.0202979746560344
867,util,0.2519719286262989,0.01617000288538661
868,util,0.24804600492119788,0.012659049516129483
869,util,0.2537287527322769,0.017980726972302675
870,util,0.25148472175002096,0.019482131638719202
871,util,0.25253586411476137,0.020730091345764732
872,util,0.24995955169200898,0.014923540047503684
873,util,0.2527599702775478,0.01881198361516687
874,util,0.2537821078300476,0.016211241965437686
875,util,0.25348414182662965,0.013314722627342086
876,util,0.25185455337166784,0.01880785604059783
877,util,0.2481227645277977,0.012469556748444723
878,util,0.25237870290875436,0.017456615083530552
879,util,0.2525527037680149,0.01711898345352514
880,util,0.25231049448251724,0.013174886897746282
881,util,0.2503330926597118,0.01637542545850011
882,util,0.2543399077653885,0.02036158818436081
883,util,0.2527277539670467,0.023695590408201274
884,util,0.2517475911974907,0.016732776974181452
885,util,0.2528970627486706,0.019494846058259446
886,util,0.25067951634526253,0.016090990810682583
887,util,0.25454739138484,0.018772508335659143
888,util,0.24978365674614905,0.019481743763011216
889,util,0.2521986788511276,0.01312748574791789
890,util,0.25710217863321305,0.021573371942268316
891,util,0.24854670733213424,0.019256890555068334
892,util,0.25255515933036804,0.016045878365431806
893,util,0.25386845737695696,0.02095109398812385
894,util,0.2534785807132721,0.02100776470881361
895,util,0.2481557820737362,0.017178654822930378
896,util,0.24999236598610877,0.012240989761437303
897,util,0.25098864391446113,0.02008638843505724
898,util,0.25301133960485456,0.020055017737198845
899,util,0.2510350289940834,0.019936829050297502
900,util,0.2485850577056408,0.02041606832420808
901,util,0.2525434246659279,0.017841997316272836
902,util,0.2514565634727478,0.015392919362980933
903,util,0.25285987809300425,0.01797364812174103
904,util,0.2502383595705032,0.01697371385604296
905,util,0.2512386044859886,0.017185842860256786
906,util,0.25332856222987177,0.020064366952416413
907,util,0.2557186134159565,0.021802504477403055
908,util,0.2548753875494003,0.02176201544592492
909,util,0.2540308618545532,0.02334260724829035
910,util,0.25491728246212003,0.01689679433985496
911,util,0.2516611707210541,0.01744688532850821
912,util,0.25341205298900604,0.015631477615893466
913,util,0.2498499968647957,0.015376924719733743
914,util,0.2523030187189579,0.018984261724541585
915,util,0.25075495675206183,0.018039670014329705
916,util,0.253080270588398,0.018458270707065398
917,util,0.2515833455324173,0.014728744851611027
918,util,0.25480215370655057,0.014311498557120899
919,util,0.25142449110746384,0.014626213025833832
920,util,0.24972921818494798,0.014526128427718131
921,util,0.25003195375204085,0.01604188430898799
922,util,0.25363595023751256,0.019364799375811228
923,util,0.25310862496495246,0.013920142858592225
924,util,0.25268151104450226,0.01994413195024675
925,util,0.2506199388206005,0.017342811572024948
926,util,0.25306629374623296,0.017499789363515626
927,util,0.25287859082221986,0.016274407305082204
928,util,0.2524077674746513,0.017779665531219763
929,util,0.2509366080164909,0.01775390391674284
930,util,0.24988333985209465,0.01593717744027647
931,util,0.25177846387028696,0.01417780946016239
932,util,0.2510124856233597,0.016042877855783292
933,util,0.2550112187862396,0.01971989637776541
934,util,0.2515518745779991,0.017791493060389112
935,util,0.2558768127858639,0.020311492529669056
936,util,0.25210170477628707,0.0137985386164054
937,util,0.254057597219944,0.018272906367202146
938,util,0.25201316833496096,0.02007561097043908
939,util,0.2512074714899063,0.014556343566224414
940,util,0.2508624418079853,0.014698184346717453
941,util,0.25359172865748403,0.01730883617984356
942,util,0.2534763088822365,0.01754251565167138
943,util,0.25077034458518027,0.015858771157032308
944,util,0.25497104912996293,0.021930053878761215
945,util,0.25351730108261106,0.020261511408582733
946,util,0.25122842207551005,0.016236307926483094
947,util,0.2517530471086502,0.015836787751863916
948,util,0.2521883691847324,0.015544811155386503
949,util,0.25303671315312387,0.02128901917547769
950,util,0.25246526837348937,0.02013276348371488
951,util,0.2526263789832592,0.01702477999809752
952,util,0.24946230709552764,0.016804456874131634
953,util,0.25167357951402664,0.014599915566221906
954,util,0.2555980695784092,0.01899299375143694
955,util,0.2515430565178394,0.022504109230570574
956,util,0.25107947826385496,0.012578580772965534
957,util,0.2536988297104836,0.01610974750933447
958,util,0.2558976502716541,0.021236817571130297
959,util,0.2555673378705978,0.017201617308212628
960,util,0.2500879077613354,0.016278670175932285
961,util,0.2500596736371517,0.01845401326012083
962,util,0.2547258697450161,0.019826826845285132
963,util,0.25296636432409286,0.014254059743420897
964,util,0.2530024929344654,0.019212052926781468
965,util,0.25129117667675016,0.014185927119439504
966,util,0.25126667201519015,0.016470768956395807
967,util,0.25401308566331865,0.015463121693199416
968,util,0.25069407746195793,0.01773166723203874
969,util,0.25272259876132014,0.0166307677591737
970,util,0.25056721970438955,0.016568427676108593
971,util,0.25157735899090766,0.013938265316608196
972,util,0.24984999716281892,0.015485427181255137
973,util,0.2539624114334583,0.017752786421766382
974,util,0.25433297514915465,0.016967404854219013
975,util,0.2513552212715149,0.01766881856962451
976,util,0.2502628448605537,0.016787903567736216
977,util,0.24988937214016915,0.015543808861348584
978,util,0.2503520222008228,0.013360868131215606
979,util,0.2524957436323166,0.017046140920103113
980,util,0.25057886123657225,0.017927747070549394
981,util,0.2503668676316738,0.016537445467222526
982,util,0.2524638190865517,0.01285915039998722
983,util,0.25108234971761706,0.014011229043948071
984,util,0.2537007807195187,0.020337913898842708
985,util,0.2512256307899952,0.017603457864952033
986,util,0.2508730527758598,0.016312420563570715
987,util,0.25240474194288254,0.016322804395298283
988,util,0.25361774653196334,0.020966050620966216
989,util,0.25222536161541936,0.02168912602407866
990,util,0.25080210775136946,0.01757189907541363
991,util,0.24791188150644303,0.014863027437684822
992,util,0.2506969444453716,0.015607634363843692
993,util,0.2556108523905277,0.018752404585716118
994,util,0.2502188324928284,0.018201215958555797
995,util,0.2524440048635006,0.019474696661781164
996,util,0.25224936366081235,0.019707997936152886
997,util,0.25232782647013663,0.02208256608009585
998,util,0.24872228190302847,0.017025055277640776
999,util,0.2547976830601692,0.01822040133079917
1000,util,0.2530762934684753,0.019552371515670283
1001,util,0.25178550809621814,0.017462962826623272
1002,util,0.248362006098032,0.017229512803254205
1003,util,0.2516952173411846,0.018367907855243924
1004,util,0.24798631981015207,0.017830113585500802
1005,util,0.2502497988939285,0.01560563770268458
1006,util,0.25445603251457216,0.01758348603032433
1007,util,0.25438437595963476,0.019865999105687496
1008,util,0.25280184745788575,0.0173237614407483
1009,util,0.2527777320146561,0.018937870186387647
1010,util,0.2547441147267818,0.01616475595510947
1011,util,0.2525919534265995,0.020222617208272068
1012,util,0.2512686233222485,0.01541920272264776
1013,util,0.25297428175807,0.018703446354376842
1014,util,0.25305834457278253,0.021438977998741324
1015,util,0.25398196652531624,0.01911789871274646
1016,util,0.252170287668705,0.016866466959511956
1017,util,0.2525419943034649,0.018814819538126783
1018,util,0.250054841786623,0.015963589546571115
1019,util,0.2520136223733425,0.016412783384752338
1020,util,0.2535790054500103,0.023709680081295162
1021,util,0.24748500436544418,0.019848883498159105
1022,util,0.2532771371304989,0.014316180423940826
1023,util,0.2505688102543354,0.017383548742295217
1024,util,0.2500005793571472,0.016728049589058942
1025,util,0.2505794389545917,0.016945651985670152
1026,util,0.25026355519890786,0.020720706027894484
1027,util,0.2517914953827858,0.02116414119171611
1028,util,0.2506873381137848,0.016833024680573464
1029,util,0.25180184736847877,0.015589779855337734
1030,util,0.25029518470168116,0.017829254637999208
1031,util,0.2567256006598473,0.02076224709246365
1032,util,0.2525394631922245,0.02162813056120292
1033,util,0.24922321751713752,0.018738375379285535
1034,util,0.25010252743959427,0.0184159792956493
1035,util,0.25097952499985693,0.023149077241457372
1036,util,0.25518466711044313,0.01869551649608727
1037,util,0.2520876596868038,0.021694096718527334
1038,util,0.2512602934241295,0.019910683448959746
1039,util,0.2503658998012543,0.016998827325317642
1040,util,0.25542641907930375,0.019103008592790002
1041,util,0.24892908334732056,0.019445279275929643
1042,util,0.25248384684324265,0.017633431624504866
1043,util,0.25216291323304174,0.01779790143060581
1044,util,0.24946888253092767,0.02153628418801215
1045,util,0.2497784513235092,0.015302456850786702
1046,util,0.2501567696034908,0.021410943695517562
1047,util,0.25283109351992605,0.014960233818752618
1048,util,0.2526453571021557,0.01682112891162883
1049,util,0.25281143516302107,0.018628319976008556
1050,util,0.25465525075793266,0.023982078825724853
1051,util,0.25259386345744134,0.01575091943465779
1052,util,0.25182626470923425,0.01637293555234599
1053,util,0.2509917351603508,0.020221248525526866
1054,util,0.2516139757633209,0.016755057998242933
1055,util,0.25053496211767196,0.01821976147321647
1056,util,0.254547805339098,0.01994572176745474
1057,util,0.2518445518612862,0.021405237508496516
1058,util,0.2520702977478504,0.018752160787419002
1059,util,0.2526097199320793,0.018319708349343898
1060,util,0.24885637760162355,0.016285465611402518
1061,util,0.25058132216334345,0.014246226969496857
1062,util,0.251701842546463,0.02100321899858774
1063,util,0.25484759986400607,0.019636799266671945
1064,util,0.25280849158763885,0.015743887946753514
1065,util,0.2483122654259205,0.01740517690363358
1066,util,0.2536623091995716,0.016446046350631724
1067,util,0.25139967173337935,0.020723900919608244
1068,util,0.25431795611977576,0.023010119817340045
1069,util,0.25261653974652293,0.01887912019554166
1070,util,0.2526766286790371,0.01600275378184069
1071,util,0.2515977875888348,0.020596433434313607
1072,util,0.25277799025177955,0.017256170220931944
1073,util,0.2506414593756199,0.016807119857578517
1074,util,0.2521885050833225,0.021111925951660455
1075,util,0.2526858167350292,0.016923872514659166
1076,util,0.25442604839801786,0.01720702409767818
1077,util,0.2510153251886368,0.020361924796643022
1078,util,0.24983060717582703,0.018706406009340065
1079,util,0.2521794860064983,0.019220384996799122
1080,util,0.25090329483151436,0.01674962547259233
1081,util,0.2520254787802696,0.016333308752133215
1082,util,0.2534978312253952,0.018657872347203817
1083,util,0.2522218391299248,0.017762357316089605
1084,util,0.2530256274342537,0.01217799493401274
1085,util,0.25203342899680137,0.020122646859598366
1086,util,0.24998556107282638,0.013749442019545468
1087,util,0.24992531970143317,0.01785726651158395
1088,util,0.25250819623470305,0.01786653487456753
1089,util,0.2525081489980221,0.017525403463037156
1090,util,0.24928579822182656,0.014254883748988546
1091,util,0.24999609604477882,0.015429587036395655
1092,util,0.25033004075288773,0.015052853290690378
1093,util,0.254707306176424,0.02220345796045844
1094,util,0.24955172032117845,0.015643614412696325
1095,util,0.25266901805996894,0.01808877268162639
1096,util,0.2505655671656132,0.01742717534685994
1097,util,0.252391542494297,0.020055875246077094
1098,util,0.2522929573059082,0.02228164690473068
1099,util,0.247031542211771,0.015117618012138269
1100,util,0.2517946331202984,0.01905281977030686
1101,util,0.25241899460554124,0.02078110630488273
1102,util,0.2538335791230202,0.022977197820266134
1103,util,0.2573568230867386,0.021994962792268598
1104,util,0.2518733832240105,0.019035545489579277
1105,util,0.25098164200782774,0.019429767768516206
1106,util,0.2524783632159233,0.01648836316014375
1107,util,0.2522732982039452,0.022949127192490603
1108,util,0.2486507122218609,0.01577562664181189
1109,util,0.2502402088046074,0.017136931134391544
1110,util,0.25189791828393937,0.015711261658703374
1111,util,0.2532327352464199,0.019333697055663648
1112,util,0.25253487974405286,0.016160432330619038
1113,util,0.25235538348555564,0.018038489597463934
1114,util,0.2521142318844795,0.01680488667806195
1115,util,0.2496168740093708,0.02019280642168556
1116,util,0.2512128509581089,0.021231178993114344
1117,util,0.2506684167683125,0.01775734782490216
1118,util,0.25296752378344534,0.02032585548367855
1119,util,0.250869170576334,0.01792078682887067
1120,util,0.2518010166287422,0.018275721636579024
1121,util,0.2515308512747288,0.02140140516546565
1122,util,0.2506684306263924,0.014330910741115355
1123,util,0.2517379769682884,0.015670351858398223
1124,util,0.25234685465693474,0.016262343496699576
1125,util,0.2511641658842564,0.017600872631950232
1126,util,0.24963437929749488,0.014372682570731514
1127,util,0.24961016654968263,0.016618239415596817
1128,util,0.25132273107767106,0.01799328634137231
1129,util,0.25284335181117057,0.019933600720783012
1130,util,0.2527772670984268,0.01752427803759346
1131,util,0.25596884816884996,0.021947885317152083
1132,util,0.252677338719368,0.019331496442842395
1133,util,0.25197007790207865,0.012888702218599524
1134,util,0.25393364250659944,0.017300049737262634
1135,util,0.25011549055576326,0.016947457828598342
1136,util,0.2517463357746601,0.014750321763248812
1137,util,0.2523715148866177,0.013671082334184865
1138,util,0.24977574199438096,0.015238281171787132
1139,util,0.2542773948609829,0.019157564575011197
1140,util,0.25517064541578294,0.020838585412573378
1141,util,0.2506279382109642,0.013254911242797257
1142,util,0.2506173311173916,0.012820780594963428
1143,util,0.2492674008011818,0.011728469109832279
1144,util,0.2513939963281155,0.017674498084596216
1145,util,0.24986268058419228,0.014580130149751512
1146,util,0.2521122422814369,0.015802571526915145
1147,util,0.2503909981250763,0.015096118988025943
1148,util,0.2506788302958012,0.01821508279141338
1149,util,0.24901626512408256,0.018453753801573318
1150,util,0.2506692388653755,0.019825938082343692
1151,util,0.2530791379511356,0.015986589615396805
1152,util,0.2497525642812252,0.018343115274922307
1153,util,0.2564670805633068,0.020820391833593944
1154,util,0.25281892001628875,0.0188744144923417
1155,util,0.24999914258718492,0.01638613710020879
1156,util,0.2542956618964672,0.01888669581217777
1157,util,0.2506309513747692,0.022720465506808788
1158,util,0.2537758383154869,0.018298670908870874
1159,util,0.2512864722311497,0.016797546919292396
1160,util,0.2508253313601017,0.014238372579386545
1161,util,0.2516117368638515,0.016460548594210464
1162,util,0.25145984306931496,0.018076773906641735
1163,util,0.25106345146894454,0.021313948969514815
1164,util,0.24864391714334488,0.018785384953454706
1165,util,0.2505142532289028,0.02245979921412387
1166,util,0.25401284366846083,0.01897923895990998
1167,util,0.25294061660766604,0.018119718708681603
1168,util,0.24882472217082977,0.02122530250229018
1169,util,0.25068522527813913,0.022397889364430195
1170,util,0.2528731073439121,0.016343962734474103
1171,util,0.25466751530766485,0.01794180561021124
1172,util,0.2515139339864254,0.01840388785562703
1173,util,0.25218920305371284,0.021016596361158275
1174,util,0.2525027360022068,0.018072947148646382
1175,util,0.2534605200588703,0.01990504100508877
1176,util,0.25418973043560983,0.021278786567063623
1177,util,0.2519385705888271,0.014856575704850628
1178,util,0.2510447449982166,0.019919806458709922
1179,util,0.2516384620964527,0.017006393086108677
1180,util,0.2521937799453735,0.018486680244086222
1181,util,0.2534242655336857,0.02043188617167021
1182,util,0.25134660080075266,0.018558748366351234
1183,util,0.2511433146893978,0.013852566591016456
1184,util,0.25181069687008856,0.016755708817597706
1185,util,0.2506609112024307,0.018298234271088027
1186,util,0.25048831090331075,0.013957698149937322
1187,util,0.2518734440207481,0.01611270252273947
1188,util,0.25131680831313136,0.01700780364133384
1189,util,0.250533381998539,0.016763669898569592
1190,util,0.2537548938393593,0.018844993438450582
1191,util,0.25288850739598273,0.01540488922347468
1192,util,0.2518233785033226,0.016084872994302033
1193,util,0.2522482216358185,0.019153468909847732
1194,util,0.25101946502923966,0.014157950225348558
1195,util,0.25200228199362756,0.017319344067668357
1196,util,0.25167564675211906,0.021546757354126537
1197,util,0.25096423014998437,0.01668738715801329
1198,util,0.2524863754212856,0.016526213992278247
1199,util,0.24932654395699502,0.017589512481372735
1200,util,0.24866989210247994,0.01717938471296575
1201,util,0.25215784803032876,0.017446651268793273
1202,util,0.2524755971133709,0.016493529922329955
1203,util,0.2540800102055073,0.016863351960245868
1204,util,0.2514961378276348,0.021879944858796525
1205,util,0.2521603688597679,0.02001432580919061
1206,util,0.25053570434451106,0.018982388166771638
1207,util,0.2526188714802265,0.01599397061294355
1208,util,0.25481038480997087,0.018637247157805292
1209,util,0.24972052544355391,0.01728198734082645
1210,util,0.25245253294706343,0.01632796746833445
1211,util,0.2512634117901325,0.018142330263468082
1212,util,0.25355304569005965,0.017075015236549963
1213,util,0.2549412478506565,0.01773264376929506
1214,util,0.25545787885785104,0.02110836963013473
1215,util,0.25298102214932444,0.019482692164011033
1216,util,0.2537211288511753,0.01484089230825023
1217,util,0.25161467045545577,0.015560746633152756
1218,util,0.25183056414127347,0.0166851196549004
1219,util,0.2560186640918255,0.01773835869766254
1220,util,0.25153460025787355,0.014267107176600059
1221,util,0.2535662406682968,0.018226241023591296
1222,util,0.2523980391025543,0.013448277178284448
1223,util,0.2513731323182583,0.014901420680184557
1224,util,0.25038403674960136,0.018168398032496515
1225,util,0.25119206741452216,0.019139531967980253
1226,util,0.24915169969201087,0.019114740748055564
1227,util,0.25192865878343584,0.015276002353827185
1228,util,0.24952882647514343,0.015045245953866917
1229,util,0.25170100897550585,0.014593149428787405
1230,util,0.25042011722922325,0.01769381935711898
1231,util,0.2542084378004074,0.019963365405632486
1232,util,0.24986858993768693,0.015945082347020353
1233,util,0.25027859076857567,0.017120423274444782
1234,util,0.25192786201834677,0.016945175019066665
1235,util,0.2502981644868851,0.016702455777624414
1236,util,0.2535818095505238,0.019168326427084423
1237,util,0.2546608380973339,0.01617417764611923
1238,util,0.2514489069581032,0.014978668320338694
1239,util,0.252947723120451,0.017527537070449736
1240,util,0.2531374478340149,0.015327009114954434
1241,util,0.25251114323735235,0.016985035552515407
1242,util,0.25185434371232984,0.01591120124397036
1243,util,0.24977415099740027,0.01567768243122349
1244,util,0.25023112416267396,0.01808809213198093
1245,util,0.2546215385198593,0.01889059047202723
1246,util,0.2515423272550106,0.017309746511989833
1247,util,0.2499373298883438,0.017215256762648488
1248,util,0.25128249600529673,0.018598951928598857
1249,util,0.25071807906031607,0.01619526889860679
1250,util,0.2515424293279648,0.018943264470576288
1251,util,0.24922294303774833,0.019891478569094453
1252,util,0.2508786801993847,0.01442647155567208
1253,util,0.2518749693036079,0.01942473978191323
1254,util,0.2530959452688694,0.022403754529802276
1255,util,0.25373623803257944,0.020023552427934417
1256,util,0.25426217541098595,0.020056282834993732
1257,util,0.2505952237546444,0.015993402391004847
1258,util,0.25119489565491676,0.015423835730616621
1259,util,0.25326101526618006,0.016527215481285253
1260,util,0.24983914390206338,0.021581186933534936
1261,util,0.24978486448526382,0.017863819572565158
1262,util,0.24949653536081315,0.01719629772449117
1263,util,0.257644359767437,0.02383224541566417
1264,util,0.24953560411930084,0.0182757558382035
1265,util,0.2542130009829998,0.0189199646379868
1266,util,0.25130080729722976,0.019919226138062206
1267,util,0.2522266498208046,0.022059853113404894
1268,util,0.2535144285857677,0.02258361527323107
1269,util,0.24926901176571847,0.019708413528467528
1270,util,0.251653955578804,0.02219257485823878
1271,util,0.25237997233867643,0.014896646937586324
1272,util,0.25236807227134705,0.02144692318743909
1273,util,0.25106017142534254,0.019930498934897
1274,util,0.25393721893429755,0.017751625463021857
1275,util,0.2523116785287857,0.01826084944691605
1276,util,0.25389581337571143,0.02355262623542002
1277,util,0.253287233710289,0.02325855653419293
1278,util,0.25251157358288767,0.017692035914815666
1279,util,0.25466830387711525,0.015914585491001648
1280,util,0.25096281826496125,0.0158733027860249
1281,util,0.2511381858587265,0.017208840627690673
1282,util,0.25038007110357285,0.01627311261504031
1283,util,0.25194231525063515,0.017662761009146134
1284,util,0.2509514397382736,0.015248615451229124
1285,util,0.25049393862485886,0.019747437909358994
1286,util,0.24883168414235116,0.017392684818501595
1287,util,0.25160707652568814,0.018326827765098086
1288,util,0.24904659152030945,0.02069243148572371
1289,util,0.2522983746230602,0.019014940268842068
1290,util,0.2532604646682739,0.01656537164854212
1291,util,0.25274455547332764,0.021290690164901316
1292,util,0.2529617719352245,0.016896106880426753
1293,util,0.2518513345718384,0.017357751942575852
1294,util,0.25215442419052125,0.015032121245559844
1295,util,0.25321399241685866,0.017746262416038428
1296,util,0.25212294220924375,0.014342286234151779
1297,util,0.25329884454607965,0.016472184823100713
1298,util,0.24999010294675827,0.01711394576876027
1299,util,0.2521905775368214,0.01683740468618087
1300,util,0.25089237213134763,0.01754873457414389
1301,util,0.25096740543842316,0.014748608044408832
1302,util,0.2511336672306061,0.015873595251770248
1303,util,0.25147478222846986,0.021950925476794562
1304,util,0.2510554276406765,0.016375142557503514
1305,util,0.2486982411146164,0.016545778315599606
1306,util,0.2525774946808815,0.016940238953021002
1307,util,0.2523979140818119,0.016760618737790365
1308,util,0.2520394672453403,0.015069095241365212
1309,util,0.2487909910082817,0.01804586624472882
1310,util,0.2544465404748917,0.018845194182320887
1311,util,0.25136196210980416,0.018224776872742522
1312,util,0.2541340780258179,0.017680790094933382
1313,util,0.2505883617699146,0.018696625424780948
1314,util,0.2497902798652649,0.017185301581770084
1315,util,0.2508798038959503,0.02001215564052286
1316,util,0.2519357423484325,0.0228395477279928
1317,util,0.2516071356832981,0.01635587089081647
1318,util,0.2524584297835827,0.019388062112948988
1319,util,0.25088232398033145,0.019469092577668108
1320,util,0.253492015004158,0.02094628866469034
1321,util,0.2508403816819191,0.018820654511460616
1322,util,0.25257641196250913,0.01749281661007245
1323,util,0.25420105054974557,0.019773534963073013
1324,util,0.25336565330624583,0.0182257360990174
1325,util,0.2521172697842121,0.01722033200784016
1326,util,0.2504527226090431,0.01765259991836661
1327,util,0.2532196642458439,0.0147492890701836
1328,util,0.2498830160498619,0.01685417959861763
1329,util,0.24926615327596666,0.01996203737806336
1330,util,0.2511009004712105,0.015792200482308106
1331,util,0.2534537497162819,0.021020239959216373
1332,util,0.25208120882511137,0.017153168151552104
1333,util,0.2511224214732647,0.01815860413427163
1334,util,0.25162286207079887,0.017316140321489547
1335,util,0.24898520171642302,0.019589995181167868
1336,util,0.25098874762654305,0.021383263538827177
1337,util,0.25575397044420245,0.019034073071730655
1338,util,0.25530789166688916,0.018011053317960452
1339,util,0.2534487724304199,0.0193681120564542
1340,util,0.25111024871468546,0.022016226017330432
1341,util,0.2528976240754128,0.019221253323641746
1342,util,0.25138594388961794,0.0195017461511561
1343,util,0.25294959113001825,0.020741396989833436
1344,util,0.256930428147316,0.01863458834618729
1345,util,0.25005213990807534,0.016175142472696743
1346,util,0.24822401210665704,0.017737854476484512
1347,util,0.2512334288656712,0.01676297247531916
1348,util,0.25225783079862596,0.014919461577024083
1349,util,0.2517698396742344,0.020863743505862446
1350,util,0.25164940431714056,0.018986942978989074
1351,util,0.25456155836582184,0.018218655386965005
1352,util,0.252744375616312,0.023070758682657785
1353,util,0.2500961272418499,0.018117971771113104
1354,util,0.253402204066515,0.014932970872974223
1355,util,0.25091907441616057,0.0185946713152601
1356,util,0.25448397919535637,0.022558030357384504
1357,util,0.2509785936772823,0.014373476028783494
1358,util,0.2518353807926178,0.018242126465979808
1359,util,0.25130250707268714,0.017453496406017052
1360,util,0.2499946513772011,0.018935335145568027
1361,util,0.2527891141176224,0.020456347807109386
1362,util,0.25268265292048453,0.021522604419251773
1363,util,0.2508541215956211,0.014751090010620131
1364,util,0.25161511823534966,0.019121140364244896
1365,util,0.24981015026569367,0.01743966849887395
1366,util,0.2511963598430157,0.013435183322868943
1367,util,0.25057288229465485,0.016630794376979927
1368,util,0.2529633712768555,0.016422110457004396
1369,util,0.25310459405183794,0.01769572304305596
1370,util,0.2542398974299431,0.019847053947277187
1371,util,0.2503607657551765,0.019950497184401932
1372,util,0.2535216422379017,0.01728849930507728
1373,util,0.25398429095745084,0.019280942369462647
1374,util,0.2510692156851292,0.017377909075182413
1375,util,0.25201536804437635,0.016228243994752853
1376,util,0.25085668548941614,0.020027148997278657
1377,util,0.249087433218956,0.01664779535250952
1378,util,0.2515843477845192,0.016473395818515618
1379,util,0.25018332824110984,0.015086966386736273
1380,util,0.25085327818989755,0.01972766674218691
1381,util,0.2522163516283035,0.016132581277490496
1382,util,0.2490060371160507,0.017962951175598457
1383,util,0.24968457713723183,0.01800843756038815
1384,util,0.2512881389260292,0.017513420445499046
1385,util,0.24821467459201813,0.017930323226907945
1386,util,0.2553304013609886,0.021107031132525936
1387,util,0.25385957434773443,0.016297391111463527
1388,util,0.2477790492773056,0.01750051097694328
1389,util,0.25137883976101877,0.017017723516131875
1390,util,0.252027630507946,0.01680542677724082
1391,util,0.2522697573900223,0.018267380672833865
1392,util,0.2518951380252838,0.0173881885263805
1393,util,0.2532154381275177,0.018853502515131525
1394,util,0.2503331001102924,0.021822601383612607
1395,util,0.2533461420238018,0.017913093852890135
1396,util,0.25150847345590593,0.0175406026281223
1397,util,0.2511828190088272,0.015704873063989065
1398,util,0.24814956352114678,0.015936842057733363
1399,util,0.2537731949985027,0.021623219196747572
1400,util,0.2509029108285904,0.017198550036713427
1401,util,0.25099196314811706,0.01675204781663024
1402,util,0.2493762792646885,0.015100255096837234
1403,util,0.2505775494873524,0.017203657194514662
1404,util,0.2499462479352951,0.015865630114996185
1405,util,0.25181630194187166,0.018719020478197707
1406,util,0.2514793689548969,0.016252297614448297
1407,util,0.25263238832354545,0.01662454090657877
1408,util,0.2541211435198784,0.02049948065925481
1409,util,0.2530441266298294,0.01529951501766919
1410,util,0.2516327451169491,0.015903561385097124
1411,util,0.2502352188527584,0.014841443975300189
1412,util,0.24897630646824837,0.01974927666553559
1413,util,0.25201093837618826,0.013547083958901005
1414,util,0.2527550780773163,0.01699019704774716
1415,util,0.2501515351235867,0.015710267720716407
1416,util,0.2526604725420475,0.01709587949573851
1417,util,0.2532987356185913,0.017724751760754713
1418,util,0.2515888650715351,0.013516491307014912
1419,util,0.2523909902572632,0.018704709195413113
1420,util,0.25331407859921456,0.01620976862285322
1421,util,0.25319955706596375,0.015962495927924907
1422,util,0.2504200677573681,0.014465198153901277
1423,util,0.24887308806180955,0.017255314037880103
1424,util,0.25422973722219466,0.01546177858608213
1425,util,0.25066580548882483,0.018966636552611608
1426,util,0.2537850140035152,0.017750268030421353
1427,util,0.2503811636567116,0.019388021736592525
1428,util,0.24907155871391295,0.017288795991924347
1429,util,0.2500697882473469,0.012816369619871778
1430,util,0.2525462765991688,0.0173200249592355
1431,util,0.2527237714827061,0.016242250319256014
1432,util,0.2506586961448193,0.014699736103844434
1433,util,0.248675317466259,0.01616350388292582
1434,util,0.2542239218950272,0.02016915110656557
1435,util,0.24845048859715463,0.01750662828807265
1436,util,0.2506944516301155,0.013654637388084385
1437,util,0.2520491224527359,0.020557817392497908
1438,util,0.25066777780652044,0.016679730125003685
1439,util,0.256253328025341,0.017466735652119803
1440,util,0.2527230589091778,0.016983970532634483
1441,util,0.2515124571323395,0.01982043133321064
1442,util,0.25324389442801476,0.018476084633873926
1443,util,0.25374681383371356,0.02100972064217386
1444,util,0.2522244727611542,0.017792312846993907
1445,util,0.2529705519974232,0.019128800636779596
1446,util,0.2518335846066475,0.01850094375093733
1447,util,0.2517517012357712,0.015128277535248185
1448,util,0.25057098403573036,0.019742120539023644
1449,util,0.25280565083026885,0.014617078009090964
1450,util,0.2544936279952526,0.01754120399454064
1451,util,0.2506502804160118,0.015473775112876217
1452,util,0.25043966189026834,0.017356856130778597
1453,util,0.2524512539803982,0.01830856364199351
1454,util,0.2527728495001793,0.017552869285435396
1455,util,0.2512687061727047,0.014290391332797055
1456,util,0.2549248179793358,0.020728997556745905
1457,util,0.2544570825994015,0.020503214417384123
1458,util,0.2523119792342186,0.019556783469667122
1459,util,0.25192487746477127,0.019262517720344114
1460,util,0.2509546209871769,0.015893079768424984
1461,util,0.2544062589108944,0.019011879676594574
1462,util,0.2512267118692398,0.017335484683225207
1463,util,0.2515414296090603,0.017441448634284377
1464,util,0.2562241905927658,0.022324671756583005
1465,util,0.25294898465275767,0.014128771598824672
1466,util,0.2499216739833355,0.015536832011886863
1467,util,0.2497217920422554,0.0171773442835703
1468,util,0.2516442784667015,0.014208465932006944
1469,util,0.2512156218290329,0.013671960384932992
1470,util,0.2530390030145645,0.014000947448444514
1471,util,0.25244869649410245,0.015839869812389735
1472,util,0.25283169493079183,0.020107127965276046
1473,util,0.24936890259385108,0.013319638419576035
1474,util,0.25029767826199534,0.01678117274327886
1475,util,0.2505442084372044,0.01648101845553253
1476,util,0.25197807818651197,0.015716321740044017
1477,util,0.2522878013551235,0.015195404162895432
1478,util,0.25122332617640497,0.01862218023847733
1479,util,0.2528817254304886,0.014244002771187717
1480,util,0.248278586268425,0.01723059374858857
1481,util,0.2512892998754978,0.01849217671696069
1482,util,0.25258076697587967,0.019325536085467294
1483,util,0.24894748955965043,0.01901286843017063
1484,util,0.2537886342406273,0.016881421346963545
1485,util,0.25143223702907563,0.017839296039051575
1486,util,0.2517938695847988,0.02012783939496346
1487,util,0.2513981641829014,0.020466478845082296
1488,util,0.2524108102917671,0.018642573017497846
1489,util,0.2516774052381516,0.01912353870485186
1490,util,0.248827036768198,0.017287232806868304
1491,util,0.25318372666835787,0.023436449462193025
1492,util,0.254665996581316,0.024895526425259353
1493,util,0.24950625732541085,0.01779437210322961
1494,util,0.25362827599048615,0.02103003968686232
1495,util,0.2505486576259136,0.017836890553189773
1496,util,0.24980455175042152,0.022492970928835888
1497,util,0.2521406050026417,0.02407925395126664
1498,util,0.25406366124749186,0.015157849476437073
1499,util,0.25578291952610016,0.018462123840901023
1500,util,0.24735850781202318,0.022864528495139386
1501,util,0.25271413460373876,0.020762745710551308
1502,util,0.24970025405287744,0.02159897986587705
1503,util,0.25243583247065543,0.018292011748984555
1504,util,0.25168528586626054,0.019186928352076357
1505,util,0.25289065673947336,0.021844803670377926
1506,util,0.25205023363232615,0.015001063824413904
1507,util,0.2523052982985973,0.018825168565897714
1508,util,0.2548459646105766,0.018337967047534962
1509,util,0.25128082782030103,0.02283950166710549
1510,util,0.25056505084037783,0.021247347720367377
1511,util,0.2539933615922928,0.020120470660367127
1512,util,0.25194856807589533,0.016727891458533716
1513,util,0.2544889312982559,0.02424220458909466
1514,util,0.2513116410374641,0.01749159405812654
1515,util,0.25530426621437075,0.02248899804609241
1516,util,0.2507310444116592,0.016106878337251197
1517,util,0.2530333690345287,0.017692976290949264
1518,util,0.251665446460247,0.020412538138165494
1519,util,0.25160657078027726,0.01919147142150776
1520,util,0.25099260464310647,0.015702033324493995
1521,util,0.2507259900867939,0.020770450667448304
1522,util,0.2510333475470543,0.014330785873691925
1523,util,0.25172542691230776,0.016133260171299898
1524,util,0.2520740853250027,0.019195846406263532
1525,util,0.2491603237390518,0.019160165941874047
1526,util,0.2508671586215496,0.016925236177997988
1527,util,0.2561708742380142,0.019393556242816936
1528,util,0.25055778592824934,0.014623240893372507
1529,util,0.24839870050549506,0.02126220308701164
1530,util,0.2522525197267532,0.0203818873141463
1531,util,0.253703948110342,0.016336908606803906
1532,util,0.25337436437606814,0.014809201583771994
1533,util,0.25022204115986824,0.018838702418820324
1534,util,0.25442805886268616,0.019190860618193556
1535,util,0.2514586691558361,0.016405868472635934
1536,util,0.24939875364303588,0.018686494222032488
1537,util,0.25107315003871916,0.019144978718644404
1538,util,0.2502533121407032,0.017231064679163
1539,util,0.24989448100328446,0.018735875538005126
1540,util,0.24748036086559297,0.019365618070457002
1541,util,0.2543093375861645,0.016917697975663868
1542,util,0.2518521702289581,0.017783506233875
1543,util,0.25092103362083434,0.02344671626650903
1544,util,0.24906986817717552,0.021123830069910466
1545,util,0.2522367212176323,0.017132468166652804
1546,util,0.2506729613244534,0.018559958048872813
1547,util,0.25238369166851043,0.02188052854072476
1548,util,0.2512607751786709,0.020077902619008495
1549,util,0.24790116161108017,0.02161609312217607
1550,util,0.25113079845905306,0.018722723225146294
1551,util,0.25078853473067286,0.016896799475020055
1552,util,0.2520879529416561,0.02166996649320727
1553,util,0.24987178042531014,0.021854821036714055
1554,util,0.25566954523324964,0.019221864080408657
1555,util,0.2529879768192768,0.019184490887606456
1556,util,0.2556187592446804,0.017092544483020496
1557,util,0.24782310888171197,0.01605506773974728
1558,util,0.2534614968299866,0.020830223850701456
1559,util,0.2522505170106888,0.020570552140430545
1560,util,0.25124221071600916,0.01984066701851136
1561,util,0.25327642157673835,0.016616981837125237
1562,util,0.2543442879617214,0.01777317811485173
1563,util,0.25017107859253884,0.014379082134209555
1564,util,0.2554547469317913,0.017964977759443126
1565,util,0.24910776779055596,0.01491884838632627
1566,util,0.24819515019655228,0.016205209858221138
1567,util,0.2497480496764183,0.017082353962322903
1568,util,0.25486646190285683,0.01891165495257706
1569,util,0.25377902418375015,0.01657587841741162
1570,util,0.25206556022167204,0.017097276704566636
1571,util,0.2517283748090267,0.01662176765321995
1572,util,0.25314098805189134,0.017821398619112673
1573,util,0.25366614252328873,0.017619262660786932
1574,util,0.2525844544172287,0.017721643414588602
1575,util,0.25320841059088706,0.019743422737487033
1576,util,0.25158523991703985,0.016732073260835905
1577,util,0.25349061101675036,0.016608193229236023
1578,util,0.2501191768050194,0.017685639019991466
1579,util,0.2536263205111027,0.011828509278010487
1580,util,0.25131571158766747,0.016082251417942575
1581,util,0.2513164991140366,0.01352677885193224
1582,util,0.25144400760531427,0.016833132667406093
1583,util,0.2500763586163521,0.017191207127676317
1584,util,0.2530001409351826,0.014320682195035858
1585,util,0.2523351909220219,0.014677698283326423
1586,util,0.2529751843214035,0.018575052492045843
1587,util,0.2533921365439892,0.015468786244084685
1588,util,0.2536938302218914,0.014127927566620797
1589,util,0.25081442430615425,0.011985196409168949
1590,util,0.25114642262458803,0.020337731010209654
1591,util,0.2505750784277916,0.014124402154064358
1592,util,0.2535578230023384,0.0151166903157463
1593,util,0.2498607161641121,0.019411802575841127
1594,util,0.2512606094777584,0.014364036392014865
1595,util,0.25135222360491755,0.015088870521588837
1596,util,0.2526935152709484,0.01596233689697612
1597,util,0.25404605388641355,0.01662972424889439
1598,util,0.2534466364979744,0.015228616086078043
1599,util,0.24962418600916864,0.013878775875457978
1600,util,0.25072084486484525,0.014888526192485322
1601,util,0.25333803579211234,0.013535273143129287
1602,util,0.2524767179787159,0.018406362978504676
1603,util,0.25325988724827764,0.015395898688103763
1604,util,0.2531546814739704,0.016424024206734077
1605,util,0.2527897438406944,0.019008595476107646
1606,util,0.2527859510481358,0.01891227722414124
1607,util,0.2498748403787613,0.017383088815614376
1608,util,0.2502338355779648,0.017385799715417736
1609,util,0.2525330349802971,0.01538566534104066
1610,util,0.25025304600596426,0.012378849692491574
1611,util,0.24946287602186204,0.016206400742671715
1612,util,0.25198028951883317,0.016232419732648416
1613,util,0.2532474280893803,0.01439825612955839
1614,util,0.2527770221233368,0.0158904180254786
1615,util,0.25309852465987204,0.014287665002380389
1616,util,0.2508305734395981,0.016371383827488747
1617,util,0.25268049448728563,0.020042376768161008
1618,util,0.25130735367536544,0.018471598772020138
1619,util,0.25394989460706713,0.015419131943323275
1620,util,0.25033469691872595,0.01932771285385804
1621,util,0.2523224347829819,0.015535127933215475
1622,util,0.2528045104444027,0.015913435123454514
1623,util,0.253259392529726,0.015648348664403053
1624,util,0.2524687743186951,0.017785314218177656
1625,util,0.25319740295410154,0.018534196412727934
1626,util,0.2511006315052509,0.01470064740263889
1627,util,0.2521021357178688,0.013642393003924608
1628,util,0.25235161677002904,0.014332469955714825
1629,util,0.2510733297467232,0.016284392241122422
1630,util,0.2537144957482815,0.014653382170334305
1631,util,0.2528805848956108,0.01690973989755412
1632,util,0.24937702491879463,0.01606644911401061
1633,util,0.24844890370965003,0.014802676848243535
1634,util,0.24941696897149085,0.015102805635451778
1635,util,0.25026874989271164,0.015143735460401722
1636,util,0.24948307245969772,0.01257130912568028
1637,util,0.2528316496312618,0.015528240318687311
1638,util,0.2524239830672741,0.019431359690845033
1639,util,0.25086333945393563,0.01746784746003048
1640,util,0.25045245841145514,0.015601467720322329
1641,util,0.25184017181396484,0.017857071689531732
1642,util,0.2518862999975681,0.018653658947769595
1643,util,0.2519995467364788,0.018492461186881113
1644,util,0.2555206629633904,0.01829389969908982
1645,util,0.25423833549022673,0.018911345822317637
1646,util,0.25191125735640524,0.02045769946847884
1647,util,0.25201180577278137,0.01793279573851218
1648,util,0.25011906772851944,0.017562376244842286
1649,util,0.2552703732252121,0.01837006294348069
1650,util,0.25768608957529066,0.021699747724989376
1651,util,0.25210309132933617,0.016206329588023375
1652,util,0.2538977938890457,0.01686787798520824
1653,util,0.24913779601454736,0.019036128907592983
1654,util,0.2518869078159332,0.017984363273809093
1655,util,0.25315522491931913,0.015168328569379975
1656,util,0.2557629428803921,0.017113348732802066
1657,util,0.2532456041872501,0.01728687193853566
1658,util,0.25079149439930915,0.012919252812420701
1659,util,0.24976157948374747,0.014137888925471583
1660,util,0.2533718231320381,0.02000248083036127
1661,util,0.2513061755895615,0.012774447408715509
1662,util,0.2530279648303986,0.01664258884616289
1663,util,0.25204442501068114,0.017566435950490854
1664,util,0.24953419387340545,0.015079403293601964
1665,util,0.25178895503282545,0.014841744082930373
1666,util,0.24811726316809654,0.01481836743460318
1667,util,0.251106461584568,0.014494022093167695
1668,util,0.2523780977725983,0.018309083741140042
1669,util,0.2513690133392811,0.011276410425351623
1670,util,0.25228716745972635,0.0176698402127682
1671,util,0.2531570306420326,0.016057506315435285
1672,util,0.25317413032054903,0.01639846624042376
1673,util,0.2532697232067585,0.0195709105891284
1674,util,0.24927166178822519,0.016423543242858246
1675,util,0.25433972373604774,0.019097894109498022
1676,util,0.24968574985861777,0.014745381475506487
1677,util,0.25205092966556547,0.015160348295120073
1678,util,0.25230895936489106,0.017584861736625518
1679,util,0.2517834109067917,0.017539633995134668
1680,util,0.251441255658865,0.020049068906049638
1681,util,0.25365950509905816,0.01623418477636201
1682,util,0.2515345437824726,0.015365390392481174
1683,util,0.25297578394412995,0.015429028189889844
1684,util,0.25396116599440577,0.018180530514723823
1685,util,0.25337116822600364,0.01883434208498533
1686,util,0.2521027046442032,0.019550065685789646
1687,util,0.25232349798083303,0.019420913391518288
1688,util,0.2494812385737896,0.015085126532490382
1689,util,0.25270161151885984,0.01445629177883868
1690,util,0.2512709730863571,0.016576296033685947
1691,util,0.24992781937122344,0.01976824310505153
1692,util,0.25231842368841173,0.02214734471454262
1693,util,0.25217946112155915,0.014663964633581794
1694,util,0.25285210847854617,0.015253154602159043
1695,util,0.25107406184077263,0.01682025723572663
1696,util,0.25191864639520645,0.015791790695176753
1697,util,0.25406261399388314,0.01476762514251579
1698,util,0.2507890947163105,0.013162646414028471
1699,util,0.25151640102267264,0.01471798450810023
1700,util,0.2515715517103672,0.017674814217501004
1701,util,0.25142777636647223,0.01854801930882852
1702,util,0.2531261533498764,0.015244639311136511
1703,util,0.2484632609784603,0.018323057845442282
1704,util,0.2535735973715782,0.016107257307065907
1705,util,0.2516927887499332,0.014204771138366226
1706,util,0.24776342645287514,0.012733507195895083
1707,util,0.25169182911515237,0.014581479144303418
1708,util,0.24935812801122664,0.017987191961038398
1709,util,0.2504155394434929,0.019611029714669884
1710,util,0.2506019479036331,0.014634992542814971
1711,util,0.2505438296496868,0.014679795342840384
1712,util,0.25079934149980543,0.018298828424163586
1713,util,0.2510156373679638,0.018242837816706128
1714,util,0.2501090343296528,0.01708888834973473
1715,util,0.25545545533299446,0.01852421345540621
1716,util,0.24985694155097007,0.017653940997320157
1717,util,0.2529593200981617,0.018706528817523993
1718,util,0.25114316910505297,0.019737450189061357
1719,util,0.25604120030999183,0.019944862295407203
1720,util,0.2527213124930859,0.019518190475152217
1721,util,0.25334345534443853,0.01614045582082871
1722,util,0.2498813758790493,0.017150474335768547
1723,util,0.2521793220937252,0.01868818278746964
1724,util,0.25057912155985834,0.017877640758292634
1725,util,0.2534216596186161,0.017952302019906087
1726,util,0.25344447657465935,0.017730086583357795
1727,util,0.2513814577460289,0.01636561384297621
1728,util,0.25239198908209803,0.017013829748546778
1729,util,0.250314572006464,0.016935094285113382
1730,util,0.2506876862049103,0.017125131488292537
1731,util,0.2514529140293598,0.018047924716906846
1732,util,0.25163453698158267,0.019194116465763463
1733,util,0.2533818352222443,0.01851420918541656
1734,util,0.25165725097060204,0.016860531781501598
1735,util,0.2525961118936539,0.0159080206869865
1736,util,0.25031736060976983,0.016093028752773093
1737,util,0.2544788946211338,0.017045985067799873
1738,util,0.24969462543725968,0.01634433387490147
1739,util,0.2533758999407291,0.019256881346195184
1740,util,0.2522517320513725,0.015065699869535388
1741,util,0.2531133936345577,0.015787822442133857
1742,util,0.24978683844208718,0.01501015948910692
1743,util,0.24995162114501,0.015296392348899407
1744,util,0.250138640999794,0.01748259768265164
1745,util,0.2551369726657867,0.016672128711918904
1746,util,0.2503121763467789,0.012926169573288536
1747,util,0.2511889074742794,0.018986282462775977
1748,util,0.25222300678491594,0.018054497392726184
1749,util,0.25122411087155344,0.01784239152311803
1750,util,0.25182383611798287,0.01516056039296197
1751,util,0.2518628898262978,0.014951481344672576
1752,util,0.2516682896018028,0.014961976469424074
1753,util,0.25078756392002105,0.017537084979619075
1754,util,0.25293651565909386,0.01718766523129126
1755,util,0.2512193289399147,0.01617390413142056
1756,util,0.2520383796095848,0.020277468179008846
1757,util,0.24802404806017875,0.017124893279427827
1758,util,0.2523493230342865,0.01830723638789828
1759,util,0.24838996514678002,0.016718019809137636
1760,util,0.25207737028598787,0.018014507380290732
1761,util,0.25095934703946116,0.019125780819994304
1762,util,0.25231505915522573,0.0174778742673555
1763,util,0.250299478918314,0.015106834776196131
1764,util,0.2490229181945324,0.020416825816991058
1765,util,0.2473785850405693,0.01865214372273253
1766,util,0.25179360508918763,0.01980298132420229
1767,util,0.25124628335237503,0.019761854026029625
1768,util,0.2533013728260994,0.020354936837079163
1769,util,0.2504932102560997,0.02060293060578699
1770,util,0.25249862268567086,0.0197857759311003
1771,util,0.2533404877781868,0.020666460998656128
1772,util,0.25061912938952446,0.020307664074744266
1773,util,0.2556160916388035,0.01929309375529764
1774,util,0.2506034532189369,0.017660742052317272
1775,util,0.2521545425057411,0.02143490980181841
1776,util,0.2538894957304001,0.017321788496647856
1777,util,0.25000297963619234,0.019515085053426875
1778,util,0.25274825483560565,0.018960124751398928
1779,util,0.2499110594391823,0.017572640009383512
1780,util,0.25342011332511905,0.023483754226173905
1781,util,0.2552396634221077,0.027550473262815026
1782,util,0.2536044324934483,0.021482474458684165
1783,util,0.25179929375648497,0.017161564618524642
1784,util,0.2558934137225151,0.022381597435780973
1785,util,0.2536642152070999,0.01818319885316157
1786,util,0.2532593075931072,0.01745687325650671
1787,util,0.25571455717086794,0.01995367695111368
1788,util,0.24993460327386857,0.014515113467615203
1789,util,0.2542939218878746,0.020964537337917998
1790,util,0.25586130082607267,0.015481035463573972
1791,util,0.2523766514658928,0.015820420030849713
1792,util,0.25063152506947517,0.013429618186144094
1793,util,0.25040784999728205,0.014545259442081343
1794,util,0.25103823855519297,0.01600982378123519
1795,util,0.2544792890548706,0.015551047695855007
1796,util,0.25077146410942075,0.012243784500340955
1797,util,0.25133647486567495,0.016352003080207685
1798,util,0.25261844843626025,0.015923011666423376
1799,util,0.25034482285380366,0.013749037801865822
1800,util,0.24931622087955474,0.01484468783262774
1801,util,0.2537483175098896,0.016865176729300282
1802,util,0.2507495141029358,0.011798154508036686
1803,util,0.253049556016922,0.014784070086263666
1804,util,0.24886343449354173,0.01940181590635372
1805,util,0.2525544060766697,0.017602310093682218
1806,util,0.2510511428117752,0.015631006396678603
1807,util,0.25416086837649343,0.01995023625349101
1808,util,0.250065103918314,0.01526701614963702
1809,util,0.2503681297600269,0.01586669332120343
1810,util,0.2542392259836197,0.01726344726013541
1811,util,0.2495282806456089,0.016931290504222235
1812,util,0.24896568864583968,0.014784770035934963
1813,util,0.2511626623570919,0.016628521133627616
1814,util,0.25538392588496206,0.018604749747523523
1815,util,0.25266819521784784,0.015382140062767335
1816,util,0.25111686989665033,0.016730704423675014
1817,util,0.25120720133185387,0.01684950372466512
1818,util,0.2538677318394184,0.023343192523612555
1819,util,0.25192425549030306,0.01837759778864077
1820,util,0.25249999240040777,0.01673555085954156
1821,util,0.2491610236465931,0.019561666540326147
1822,util,0.2508799843490124,0.014925705005280362
1823,util,0.24849738851189612,0.014791643418402662
1824,util,0.2533380815386772,0.01620599214562015
1825,util,0.2520614232122898,0.017303157379576745
1826,util,0.2527643397450447,0.015515011563422564
1827,util,0.24999309226870536,0.017009375349882318
1828,util,0.25162876933813094,0.016480750369545657
1829,util,0.2549067738652229,0.018777401098186108
1830,util,0.2506104515492916,0.014563584558632455
1831,util,0.2515227536857128,0.01337872652416002
1832,util,0.24940979853272438,0.017965331361763967
1833,util,0.24992020055651665,0.015051855079820499
1834,util,0.2533948186039925,0.016732730143706673
1835,util,0.2524962589144707,0.016173789054735918
1836,util,0.24959004089236259,0.012911076329442961
1837,util,0.25113050431013106,0.017324451903077555
1838,util,0.25174723252654074,0.015030352344665597
1839,util,0.25240887463092804,0.014619445335175804
1840,util,0.2525615879893303,0.014994803165074762
1841,util,0.25114104330539705,0.016336060511220923
1842,util,0.24933945298194884,0.01982612128286024
1843,util,0.2528947775065899,0.01710978443191974
1844,util,0.25226591363549233,0.016123311868160975
1845,util,0.25150606110692025,0.021336203135196127
1846,util,0.2512071321904659,0.017119061891239507
1847,util,0.2521562080085278,0.01680049364097749
1848,util,0.2543863300979137,0.018135808049544833
1849,util,0.24966627657413482,0.015938290262878557
1850,util,0.25264409095048906,0.01697337286769248
1851,util,0.2547279967367649,0.016704439079082072
1852,util,0.2508792182803154,0.01747758956289743
1853,util,0.24862335726618767,0.019514166372745036
1854,util,0.25249799773097037,0.016790153545406375
1855,util,0.2514836713671684,0.016343792460101054
1856,util,0.25149863585829735,0.01743843892691173
1857,util,0.25134531885385514,0.016697600318833567
1858,util,0.24989834174513817,0.016431768262747767
1859,util,0.25265298172831535,0.019501019815775865
1860,util,0.25282502979040145,0.020525430266922513
1861,util,0.24973502680659293,0.015459826658802356
1862,util,0.2537015625834465,0.01701953028134377
1863,util,0.2499006763100624,0.016569301610437303
1864,util,0.25334682911634443,0.017600245885851695
1865,util,0.2506130002439022,0.02084042385012082
1866,util,0.2523499208688736,0.019671468384929124
1867,util,0.2501552399992943,0.018650945676022813
1868,util,0.25093002647161483,0.016364165470057354
1869,util,0.24893896162509918,0.021037454590689696
1870,util,0.2541693793237209,0.02398791285124599
1871,util,0.2533882100880146,0.01327576039128017
1872,util,0.25496369883418085,0.02484118209792092
1873,util,0.2524577483534813,0.016728797355510885
1874,util,0.2472311919927597,0.023341375274396503
1875,util,0.2510104276239872,0.015719204573136306
1876,util,0.2532530564069748,0.017865940209416255
1877,util,0.2549077178537846,0.01817490199136477
1878,util,0.25241107642650606,0.02153628543813967
1879,util,0.2547008042037487,0.017054194487499633
1880,util,0.2540799966454506,0.017672516267707376
1881,util,0.25377881050109863,0.01712758585991128
1882,util,0.24868025720119477,0.018491127463401178
1883,util,0.25307761028409004,0.015445886267450458
1884,util,0.24943209886550904,0.017651712595639933
1885,util,0.25364969119429587,0.017380075924427727
1886,util,0.2492106521129608,0.015982037488003857
1887,util,0.24999851495027542,0.017662223664708602
1888,util,0.2554693838953972,0.01816866739697061
1889,util,0.25278210163116455,0.01618942418023464
1890,util,0.25097116276621817,0.019573027987187186
1891,util,0.24853604406118393,0.015246649406932804
1892,util,0.25243129521608354,0.017611728228024575
1893,util,0.2512131367623806,0.016788079463279208
1894,util,0.2543345730006695,0.01859361079793493
1895,util,0.25104792922735214,0.01881705462254996
1896,util,0.25361268952488897,0.02458587821676434
1897,util,0.2509066972136498,0.016700438952627506
1898,util,0.2517902247607708,0.018331190915737598
1899,util,0.25368251115083695,0.01947964766794473
1900,util,0.25019383043050764,0.017339521145953177
1901,util,0.2566765584051609,0.0192258600175056
1902,util,0.25138445883989335,0.019861578814081782
1903,util,0.25109287664294244,0.016826559334775643
1904,util,0.2534057445824146,0.020742191948599407
1905,util,0.25413100674748423,0.019572765664635748
1906,util,0.2528803117573261,0.016731048600266796
1907,util,0.25343492671847345,0.01765229735917101
1908,util,0.2549131564795971,0.017964874320989463
1909,util,0.2559324084222317,0.021496757165501902
1910,util,0.2539120472967625,0.0177008863595085
1911,util,0.2504036468267441,0.01529625316854293
1912,util,0.25150224670767785,0.01646936984255416
1913,util,0.2516602112352848,0.017322962242638358
1914,util,0.25032549068331716,0.01347197209756013
1915,util,0.2523462155461311,0.014311893743691982
1916,util,0.24935947924852372,0.013606250846364697
1917,util,0.2481136566400528,0.015679373589493815
1918,util,0.25066634491086004,0.013683148398505898
1919,util,0.253423724770546,0.016203990978667548
1920,util,0.2513178963959217,0.014050966907551289
1921,util,0.25229494124650953,0.015995650161574778
1922,util,0.2503651987016201,0.014145622396689343
1923,util,0.2477388536930084,0.016737509854481157
1924,util,0.25232841953635216,0.016477598074998295
1925,util,0.2523672243952751,0.014335411580137387
1926,util,0.2511084097623825,0.017698028156211257
1927,util,0.25514848887920377,0.017727581705829307
1928,util,0.25318248718976977,0.01695648668364637
1929,util,0.2521103538572788,0.016664574567273938
1930,util,0.25401167646050454,0.02154754170590983
1931,util,0.25341552689671515,0.014464845160450346
1932,util,0.25012518689036367,0.013759633178619782
1933,util,0.25346426710486414,0.015301068471181413
1934,util,0.2531721331179142,0.02195750912644276
1935,util,0.2528419904410839,0.01502361817853262
1936,util,0.25142489179968835,0.016758775963728573
1937,util,0.253767958432436,0.01760215532790367
1938,util,0.2481217274069786,0.013886370437474788
1939,util,0.2524481092393398,0.015354893036372696
1940,util,0.24922657668590545,0.014920866185410192
1941,util,0.24821160107851029,0.01541460615584487
1942,util,0.2519235986471176,0.018181591166177083
1943,util,0.2542382112145424,0.01514359714804357
1944,util,0.2539558847248554,0.016878229779840836
1945,util,0.2547066581249237,0.020728165608969205
1946,util,0.25271098226308825,0.018733987919854908
1947,util,0.2523815232515335,0.01814305562446802
1948,util,0.25384940564632413,0.019410800344587975
1949,util,0.25294804096221923,0.01903402952719928
1950,util,0.2527801094949245,0.014798505467819236
1951,util,0.25149486139416694,0.015136126216436601
1952,util,0.25412451684474946,0.017423105787588156
1953,util,0.2544081300497055,0.016580734250885857
1954,util,0.2528853502869606,0.016101924889535008
1955,util,0.2484525980055332,0.01711141696214164
1956,util,0.2514804905653,0.016164283990665506
1957,util,0.2522628855705261,0.015822487556653865
1958,util,0.24781612887978555,0.013484429805394632
1959,util,0.25143358811736105,0.014787168347349954
1960,util,0.2522153340280056,0.02082179772565625
1961,util,0.24946305364370347,0.02070635259788274
1962,util,0.25244123429059984,0.016999696161658667
1963,util,0.25323775351047517,0.019134840673331172
1964,util,0.2522211483120918,0.0214117684605562
1965,util,0.2520162519812584,0.015525571912995952
1966,util,0.25389634996652605,0.01811434379463053
1967,util,0.2497353333234787,0.01725662593049416
1968,util,0.254761558920145,0.018014154974396245
1969,util,0.25395162776112556,0.017404044836498454
1970,util,0.25274661093950274,0.017061991222302637
1971,util,0.24808513075113298,0.015162763058315695
1972,util,0.25404914289712904,0.018499777348614282
1973,util,0.25185405820608137,0.013437112790151662
1974,util,0.24963365539908408,0.016074605167887963
1975,util,0.250773686170578,0.013886672455538054
1976,util,0.2503790959715843,0.016658068328358398
1977,util,0.25098920464515684,0.017170892072142698
1978,util,0.2528287503123283,0.018282196210848176
1979,util,0.25516461446881294,0.01918893712489644
1980,util,0.2508036980032921,0.017782496765350736
1981,util,0.2526076610386372,0.018077513942573238
1982,util,0.2500171072781086,0.018248995075510543
1983,util,0.25101799696683885,0.017563211974516508
1984,util,0.25014870658516886,0.015844278419113043
1985,util,0.2496027497947216,0.01961603406679451
1986,util,0.250573655217886,0.018781327014541313
1987,util,0.25369309052824973,0.01701218529216897
1988,util,0.2534955532848835,0.014045872012097501
1989,util,0.2550802917778492,0.020930316751070523
1990,util,0.2526165063679218,0.017379051447004346
1991,util,0.25440897047519684,0.022084240127320538
1992,util,0.2549684752523899,0.021576491689724232
1993,util,0.2543124924600124,0.01568619260220529
1994,util,0.2551495733857155,0.01490967821375294
1995,util,0.25073614925146104,0.016588408845558934
1996,util,0.250347810536623,0.016743027321216963
1997,util,0.2511103166639805,0.01667315287838197
1998,util,0.25115123122930527,0.012909699848968736
1999,util,0.24847343295812607,0.015081625486694252
